tweet_id,username,text,text_html,tweet_date,hashtag,tweet_url,search_term,lat,long,region
1259997403370921988,CJCJ,"""The hardest hit places are also the hardest to learn about.""

California's county #jails lack COVID-19 testing and the state agency responsible for ensuring safety in local facilities refuses to track cases, via @sacbee_news.http://ow.ly/SjvS50zDpsdÂ ","<p class=""TweetTextSize js-tweet-text tweet-text"" data-aria-label-part=""0"" lang=""en"">""The hardest hit places are also the hardest to learn about.""

California's county <a class=""twitter-hashtag pretty-link js-nav"" data-query-source=""hashtag_click"" dir=""ltr"" href=""/hashtag/jails?src=hash""><s>#</s><b>jails</b></a> lack <strong>COVID-19</strong> testing and the state agency responsible for ensuring safety in local facilities refuses to track cases, via <a class=""twitter-atreply pretty-link js-nav"" data-mentioned-user-id=""14411304"" dir=""ltr"" href=""/sacbee_news""><s>@</s><b>sacbee_news</b></a>.<a class=""twitter-timeline-link u-hidden"" data-expanded-url=""http://ow.ly/SjvS50zDpsd"" dir=""ltr"" href=""https://t.co/2bjdtxLZK0"" rel=""nofollow noopener"" target=""_blank"" title=""http://ow.ly/SjvS50zDpsd""><span class=""tco-ellipsis""></span><span class=""invisible"">http://</span><span class=""js-display-url"">ow.ly/SjvS50zDpsd</span><span class=""invisible""></span><span class=""tco-ellipsis""><span class=""invisible"">Â </span></span></a></p>",2020-05-12 00:02:45,['jails'],https://twitter.com/CJCJmedia/status/1259997403370921988,#COVID-19,37.7749,-122.194,SF
1259997190392393728,SiteFocus,"Context Discriminant Analysis on latest NEWS 
2020/05/11 17:01:54 PST
Top level Topics -coronavirus,coronavirus,trump,trump,covid-19,covid-19
https://www.sitefocus.com/cif/elaine/cdnews_20200511_170154.htmlÂ â€¦","<p class=""TweetTextSize js-tweet-text tweet-text"" data-aria-label-part=""0"" lang=""en"">Context Discriminant Analysis on latest NEWS 
2020/05/11 17:01:54 PST
Top level Topics -coronavirus,coronavirus,trump,trump,<strong>covid-19</strong>,<strong>covid-19</strong>
<a class=""twitter-timeline-link"" data-expanded-url=""https://www.sitefocus.com/cif/elaine/cdnews_20200511_170154.html"" dir=""ltr"" href=""https://t.co/khSyEoaJSu"" rel=""nofollow noopener"" target=""_blank"" title=""https://www.sitefocus.com/cif/elaine/cdnews_20200511_170154.html""><span class=""tco-ellipsis""></span><span class=""invisible"">https://www.</span><span class=""js-display-url"">sitefocus.com/cif/elaine/cdn</span><span class=""invisible"">ews_20200511_170154.html</span><span class=""tco-ellipsis""><span class=""invisible"">Â </span>â€¦</span></a></p>",2020-05-12 00:01:54,[],https://twitter.com/SiteFocusHQ/status/1259997190392393728,#COVID-19,37.7749,-122.194,SF
1259997115024998401,Wendy Lester,"Today, I presented a fun fact that llamas produce two antibodies, and that they may help with treating Covid-19.  My 11 yr old quickly retorted, ""Cool, so we then get MERS..  because Llamas are Camelidaes,&Camels gave people MERS.  I have a new faith in those hours on YouTube.","<p class=""TweetTextSize js-tweet-text tweet-text"" data-aria-label-part=""0"" lang=""en"">Today, I presented a fun fact that llamas produce two antibodies, and that they may help with treating <strong>Covid-19</strong>.  My 11 yr old quickly retorted, ""Cool, so we then get MERS..  because Llamas are Camelidaes,&amp;Camels gave people MERS.  I have a new faith in those hours on YouTube.</p>",2020-05-12 00:01:36,[],https://twitter.com/wendylester/status/1259997115024998401,#COVID-19,37.7749,-122.194,SF
1259997088487600128,SFBASKETBALL ACADEMY,#PLEASESHARE . We are half way to reaching an additional 100 shares on the day for our #Gofundme campaign. Help SFBA Basketball Through COVID-19 Crisis https://www.gofundme.com/f/help-sfba-basketball-through-crisis?utm_source=twitter&utm_medium=social&utm_campaign=p_cp+share-sheetÂ â€¦ #Youthbasketball,"<p class=""TweetTextSize js-tweet-text tweet-text"" data-aria-label-part=""0"" lang=""en""><a class=""twitter-hashtag pretty-link js-nav"" data-query-source=""hashtag_click"" dir=""ltr"" href=""/hashtag/PLEASESHARE?src=hash""><s>#</s><b>PLEASESHARE</b></a> . We are half way to reaching an additional 100 shares on the day for our <a class=""twitter-hashtag pretty-link js-nav"" data-query-source=""hashtag_click"" dir=""ltr"" href=""/hashtag/Gofundme?src=hash""><s>#</s><b>Gofundme</b></a> campaign. Help SFBA Basketball Through <strong>COVID-19</strong> Crisis <a class=""twitter-timeline-link"" data-expanded-url=""https://www.gofundme.com/f/help-sfba-basketball-through-crisis?utm_source=twitter&amp;utm_medium=social&amp;utm_campaign=p_cp+share-sheet"" dir=""ltr"" href=""https://t.co/UoCMEkbGPK"" rel=""nofollow noopener"" target=""_blank"" title=""https://www.gofundme.com/f/help-sfba-basketball-through-crisis?utm_source=twitter&amp;utm_medium=social&amp;utm_campaign=p_cp+share-sheet""><span class=""tco-ellipsis""></span><span class=""invisible"">https://www.</span><span class=""js-display-url"">gofundme.com/f/help-sfba-ba</span><span class=""invisible"">sketball-through-crisis?utm_source=twitter&amp;utm_medium=social&amp;utm_campaign=p_cp+share-sheet</span><span class=""tco-ellipsis""><span class=""invisible"">Â </span>â€¦</span></a> <a class=""twitter-hashtag pretty-link js-nav"" data-query-source=""hashtag_click"" dir=""ltr"" href=""/hashtag/Youthbasketball?src=hash""><s>#</s><b>Youthbasketball</b></a></p>",2020-05-12 00:01:30,"['PLEASESHARE', 'Gofundme', 'Youthbasketball']",https://twitter.com/sfbasketballac/status/1259997088487600128,#COVID-19,37.7749,-122.194,SF
1259996900104732675,Hesperian Health,"Stay informed, Save Lives. 

Know someone who needs COVID-19 information in their native language?

Hesperian's multilingual fact sheet provides accurate and practical information to help anyone, anywhere protect their health.
https://en.hesperian.org/hhg/CoronavirusÂ 
#StayHome #StopTheSpreadpic.twitter.com/CC9nOXVPZu","<p class=""TweetTextSize js-tweet-text tweet-text"" data-aria-label-part=""0"" lang=""en"">Stay informed, Save Lives. <img alt=""ðŸ™"" aria-label=""Emoji: Folded hands"" class=""Emoji Emoji--forText"" draggable=""false"" src=""https://abs.twimg.com/emoji/v2/72x72/1f64f.png"" title=""Folded hands""/>

Know someone who needs <strong>COVID-19</strong> information in their native language?

Hesperian's multilingual fact sheet provides accurate and practical information to help anyone, anywhere protect their health.
<a class=""twitter-timeline-link"" data-expanded-url=""https://en.hesperian.org/hhg/Coronavirus"" dir=""ltr"" href=""https://t.co/lKxMURUEkd"" rel=""nofollow noopener"" target=""_blank"" title=""https://en.hesperian.org/hhg/Coronavirus""><span class=""tco-ellipsis""></span><span class=""invisible"">https://</span><span class=""js-display-url"">en.hesperian.org/hhg/Coronavirus</span><span class=""invisible""></span><span class=""tco-ellipsis""><span class=""invisible"">Â </span></span></a>
<span class=""twitter-hashflag-container""><a class=""twitter-hashtag pretty-link js-nav"" data-query-source=""hashtag_click"" dir=""ltr"" href=""/hashtag/StayHome?src=hash""><s>#</s><b>StayHome</b></a><a dir=""ltr"" href=""/hashtag/StayHome?src=hash""><img alt="""" class=""twitter-hashflag"" draggable=""false"" src=""https://abs.twimg.com/hashflags/StayHome_2020/StayHome_2020.png""/></a></span> <a class=""twitter-hashtag pretty-link js-nav"" data-query-source=""hashtag_click"" dir=""ltr"" href=""/hashtag/StopTheSpread?src=hash""><s>#</s><b>StopTheSpread</b></a><a class=""twitter-timeline-link u-hidden"" data-pre-embedded=""true"" dir=""ltr"" href=""https://t.co/CC9nOXVPZu"">pic.twitter.com/CC9nOXVPZu</a></p>",2020-05-12 00:00:45,"['StayHome', 'StopTheSpreadpic']",https://twitter.com/Hesperian/status/1259996900104732675,#COVID-19,37.7749,-122.194,SF
1259996876654424064,UpfrontKPFA,"Today Chef Nelson German of @alamaroakland joined us for a *live cooking segment*! Great discussion on Oakland and the restaurant industry during Covid-19 â€” plus we get to share his delicious recipe for black bean hummus with you ( : @bedwardstiek) 
https://kpfa.org/episode/upfront-may-11-2020/Â â€¦pic.twitter.com/hk6txwLKYB","<p class=""TweetTextSize js-tweet-text tweet-text"" data-aria-label-part=""0"" lang=""en"">Today Chef Nelson German of <a class=""twitter-atreply pretty-link js-nav"" data-mentioned-user-id=""1958207340"" dir=""ltr"" href=""/alamaroakland""><s>@</s><b>alamaroakland</b></a> joined us for a *live cooking segment*! Great discussion on Oakland and the restaurant industry during <strong>Covid-19</strong> â€” plus we get to share his delicious recipe for black bean hummus with you (<img alt=""ðŸ“¸"" aria-label=""Emoji: Camera with flash"" class=""Emoji Emoji--forText"" draggable=""false"" src=""https://abs.twimg.com/emoji/v2/72x72/1f4f8.png"" title=""Camera with flash""/> : <a class=""twitter-atreply pretty-link js-nav"" data-mentioned-user-id=""16018986"" dir=""ltr"" href=""/bedwardstiek""><s>@</s><b>bedwardstiek</b></a>) 
<a class=""twitter-timeline-link"" data-expanded-url=""https://kpfa.org/episode/upfront-may-11-2020/"" dir=""ltr"" href=""https://t.co/AaKUiVG3Ab"" rel=""nofollow noopener"" target=""_blank"" title=""https://kpfa.org/episode/upfront-may-11-2020/""><span class=""tco-ellipsis""></span><span class=""invisible"">https://</span><span class=""js-display-url"">kpfa.org/episode/upfron</span><span class=""invisible"">t-may-11-2020/</span><span class=""tco-ellipsis""><span class=""invisible"">Â </span>â€¦</span></a><a class=""twitter-timeline-link u-hidden"" data-pre-embedded=""true"" dir=""ltr"" href=""https://t.co/hk6txwLKYB"">pic.twitter.com/hk6txwLKYB</a></p>",2020-05-12 00:00:39,[],https://twitter.com/UpfrontKPFA/status/1259996876654424064,#COVID-19,37.7749,-122.194,SF
1259996872237895686,Planful,"#whatwerereading: @CFODive says many CFOs expect second wave of crisis, but surprisingly few are adjusting plans to account for it: http://ow.ly/a5Ae50zBgqyÂ 
#COVID_19 #inittogether #staysafe #fpa #resources #finance #cfo","<p class=""TweetTextSize js-tweet-text tweet-text"" data-aria-label-part=""0"" lang=""en""><a class=""twitter-hashtag pretty-link js-nav"" data-query-source=""hashtag_click"" dir=""ltr"" href=""/hashtag/whatwerereading?src=hash""><s>#</s><b>whatwerereading</b></a>: <a class=""twitter-atreply pretty-link js-nav"" data-mentioned-user-id=""1134198917321691138"" dir=""ltr"" href=""/CFODive""><s>@</s><b>CFODive</b></a> says many CFOs expect second wave of crisis, but surprisingly few are adjusting plans to account for it: <a class=""twitter-timeline-link"" data-expanded-url=""http://ow.ly/a5Ae50zBgqy"" dir=""ltr"" href=""https://t.co/Y2FJnqsKbM"" rel=""nofollow noopener"" target=""_blank"" title=""http://ow.ly/a5Ae50zBgqy""><span class=""tco-ellipsis""></span><span class=""invisible"">http://</span><span class=""js-display-url"">ow.ly/a5Ae50zBgqy</span><span class=""invisible""></span><span class=""tco-ellipsis""><span class=""invisible"">Â </span></span></a>
<a class=""twitter-hashtag pretty-link js-nav"" data-query-source=""hashtag_click"" dir=""ltr"" href=""/hashtag/COVID_19?src=hash""><s>#</s><b><strong>COVID_19</strong></b></a> <a class=""twitter-hashtag pretty-link js-nav"" data-query-source=""hashtag_click"" dir=""ltr"" href=""/hashtag/inittogether?src=hash""><s>#</s><b>inittogether</b></a> <a class=""twitter-hashtag pretty-link js-nav"" data-query-source=""hashtag_click"" dir=""ltr"" href=""/hashtag/staysafe?src=hash""><s>#</s><b>staysafe</b></a> <a class=""twitter-hashtag pretty-link js-nav"" data-query-source=""hashtag_click"" dir=""ltr"" href=""/hashtag/fpa?src=hash""><s>#</s><b>fpa</b></a> <a class=""twitter-hashtag pretty-link js-nav"" data-query-source=""hashtag_click"" dir=""ltr"" href=""/hashtag/resources?src=hash""><s>#</s><b>resources</b></a> <a class=""twitter-hashtag pretty-link js-nav"" data-query-source=""hashtag_click"" dir=""ltr"" href=""/hashtag/finance?src=hash""><s>#</s><b>finance</b></a> <a class=""twitter-hashtag pretty-link js-nav"" data-query-source=""hashtag_click"" dir=""ltr"" href=""/hashtag/cfo?src=hash""><s>#</s><b>cfo</b></a></p>",2020-05-12 00:00:38,"['whatwerereading', 'COVID_19', 'inittogether', 'staysafe', 'fpa', 'resources', 'finance', 'cfo']",https://twitter.com/Planful/status/1259996872237895686,#COVID-19,37.7749,-122.194,SF
1259996839350120448,ABS ðŸ‡®ðŸ‡³,"Thank You. I wish it was Chicago as planned nevertheless went through some real interesting sessions. Thanks Team for organizing this event. 
Wonderful to hear from @wybahr @bipulsinha @nitrosf 
Looking beyond the horizon and meeting beyond COVID-19. 
Stay safe and thanks again","<p class=""TweetTextSize js-tweet-text tweet-text"" data-aria-label-part=""0"" lang=""en"">Thank You. I wish it was Chicago as planned nevertheless went through some real interesting sessions. Thanks Team for organizing this event. 
Wonderful to hear from <a class=""twitter-atreply pretty-link js-nav"" data-mentioned-user-id=""21037895"" dir=""ltr"" href=""/wybahr""><s>@</s><b>wybahr</b></a> <a class=""twitter-atreply pretty-link js-nav"" data-mentioned-user-id=""22160397"" dir=""ltr"" href=""/bipulsinha""><s>@</s><b>bipulsinha</b></a> <a class=""twitter-atreply pretty-link js-nav"" data-mentioned-user-id=""3315645656"" dir=""ltr"" href=""/nitrosf""><s>@</s><b>nitrosf</b></a> 
Looking beyond the horizon and meeting beyond <strong>COVID-19</strong>. 
Stay safe and thanks again<img alt=""ðŸ™ðŸ»"" aria-label=""Emoji: Folded hands (light skin tone)"" class=""Emoji Emoji--forText"" draggable=""false"" src=""https://abs.twimg.com/emoji/v2/72x72/1f64f-1f3fb.png"" title=""Folded hands (light skin tone)""/></p>",2020-05-12 00:00:30,[],https://twitter.com/Metal_Lens28/status/1259996839350120448,#COVID-19,37.7749,-122.194,SF
1259996823822807041,Shari Grande,"Cloth masks should be required in public to help contain COVID-19, save lives, and restore jobs.   #Masks4All #staysafehttps://lnkd.in/gWt_GWsÂ ","<p class=""TweetTextSize js-tweet-text tweet-text"" data-aria-label-part=""0"" lang=""en"">Cloth masks should be required in public to help contain <strong>COVID-19</strong>, save lives, and restore jobs.   <a class=""twitter-hashtag pretty-link js-nav"" data-query-source=""hashtag_click"" dir=""ltr"" href=""/hashtag/Masks4All?src=hash""><s>#</s><b>Masks4All</b></a> <a class=""twitter-hashtag pretty-link js-nav"" data-query-source=""hashtag_click"" dir=""ltr"" href=""/hashtag/staysafe?src=hash""><s>#</s><b>staysafe</b></a><a class=""twitter-timeline-link u-hidden"" data-expanded-url=""https://lnkd.in/gWt_GWs"" dir=""ltr"" href=""https://t.co/BjLwKAwiT1"" rel=""nofollow noopener"" target=""_blank"" title=""https://lnkd.in/gWt_GWs""><span class=""tco-ellipsis""></span><span class=""invisible"">https://</span><span class=""js-display-url"">lnkd.in/gWt_GWs</span><span class=""invisible""></span><span class=""tco-ellipsis""><span class=""invisible"">Â </span></span></a></p>",2020-05-12 00:00:27,"['Masks4All', 'staysafehttps']",https://twitter.com/DameGrande/status/1259996823822807041,#COVID-19,37.7749,-122.194,SF
1259996819792240640,Brooke Warner,"What word best describes how you're showing up for your #writing during this time of COVID-19? 

#amwriting","<p class=""TweetTextSize js-tweet-text tweet-text"" data-aria-label-part=""0"" lang=""en"">What word best describes how you're showing up for your <a class=""twitter-hashtag pretty-link js-nav"" data-query-source=""hashtag_click"" dir=""ltr"" href=""/hashtag/writing?src=hash""><s>#</s><b>writing</b></a> during this time of <strong>COVID-19</strong>? 

<a class=""twitter-hashtag pretty-link js-nav"" data-query-source=""hashtag_click"" dir=""ltr"" href=""/hashtag/amwriting?src=hash""><s>#</s><b>amwriting</b></a></p>",2020-05-12 00:00:26,"['writing', 'amwriting']",https://twitter.com/brooke_warner/status/1259996819792240640,#COVID-19,37.7749,-122.194,SF
1259996809407148037,Andersen,"The member and collaborating firms of @AndersenGlobal will help you navigate through the COVID-19 crisis. Download the guide, here: http://ow.ly/z6Kj50zASQHÂ pic.twitter.com/KJwv60ugQl","<p class=""TweetTextSize js-tweet-text tweet-text"" data-aria-label-part=""0"" lang=""en"">The member and collaborating firms of <a class=""twitter-atreply pretty-link js-nav"" data-mentioned-user-id=""2552721194"" dir=""ltr"" href=""/AndersenGlobal""><s>@</s><b>AndersenGlobal</b></a> will help you navigate through the <strong>COVID-19</strong> crisis. Download the guide, here: <a class=""twitter-timeline-link"" data-expanded-url=""http://ow.ly/z6Kj50zASQH"" dir=""ltr"" href=""https://t.co/ECfdVLhntX"" rel=""nofollow noopener"" target=""_blank"" title=""http://ow.ly/z6Kj50zASQH""><span class=""tco-ellipsis""></span><span class=""invisible"">http://</span><span class=""js-display-url"">ow.ly/z6Kj50zASQH</span><span class=""invisible""></span><span class=""tco-ellipsis""><span class=""invisible"">Â </span></span></a><a class=""twitter-timeline-link u-hidden"" data-pre-embedded=""true"" dir=""ltr"" href=""https://t.co/KJwv60ugQl"">pic.twitter.com/KJwv60ugQl</a></p>",2020-05-12 00:00:23,[],https://twitter.com/Andersen_US/status/1259996809407148037,#COVID-19,37.7749,-122.194,SF
1259996748573007872,Researchphilia," COVID-19: Therapeutics and Their Toxicities.
  2020.
 J Med Toxicol.
 https://www.ncbi.nlm.nih.gov/m/pubmed/356252/Â â€¦
#science #researchpic.twitter.com/qyqEsKJTMb","<p class=""TweetTextSize js-tweet-text tweet-text"" data-aria-label-part=""0"" lang=""en""><img alt=""ðŸ”¬"" aria-label=""Emoji: Microscope"" class=""Emoji Emoji--forText"" draggable=""false"" src=""https://abs.twimg.com/emoji/v2/72x72/1f52c.png"" title=""Microscope""/> <strong>COVID-19</strong>: Therapeutics and Their Toxicities.
<img alt=""ðŸ“"" aria-label=""Emoji: Memo"" class=""Emoji Emoji--forText"" draggable=""false"" src=""https://abs.twimg.com/emoji/v2/72x72/1f4dd.png"" title=""Memo""/>  2020.
<img alt=""ðŸ‘¨ðŸ»â€ðŸ”¬"" aria-label=""Emoji: Man scientist (light skin tone)"" class=""Emoji Emoji--forText"" draggable=""false"" src=""https://abs.twimg.com/emoji/v2/72x72/1f468-1f3fb-200d-1f52c.png"" title=""Man scientist (light skin tone)""/> J Med Toxicol.
<img alt=""ðŸŒŽ"" aria-label=""Emoji: Earth globe americas"" class=""Emoji Emoji--forText"" draggable=""false"" src=""https://abs.twimg.com/emoji/v2/72x72/1f30e.png"" title=""Earth globe americas""/> <a class=""twitter-timeline-link"" data-expanded-url=""https://www.ncbi.nlm.nih.gov/m/pubmed/356252/"" dir=""ltr"" href=""https://t.co/AvpjNqcYVQ"" rel=""nofollow noopener"" target=""_blank"" title=""https://www.ncbi.nlm.nih.gov/m/pubmed/356252/""><span class=""tco-ellipsis""></span><span class=""invisible"">https://www.</span><span class=""js-display-url"">ncbi.nlm.nih.gov/m/pubmed/35625</span><span class=""invisible"">2/</span><span class=""tco-ellipsis""><span class=""invisible"">Â </span>â€¦</span></a>
<a class=""twitter-hashtag pretty-link js-nav"" data-query-source=""hashtag_click"" dir=""ltr"" href=""/hashtag/science?src=hash""><s>#</s><b>science</b></a> <a class=""twitter-hashtag pretty-link js-nav"" data-query-source=""hashtag_click"" dir=""ltr"" href=""/hashtag/research?src=hash""><s>#</s><b>research</b></a><a class=""twitter-timeline-link u-hidden"" data-pre-embedded=""true"" dir=""ltr"" href=""https://t.co/qyqEsKJTMb"">pic.twitter.com/qyqEsKJTMb</a></p>",2020-05-12 00:00:09,"['science', 'researchpic']",https://twitter.com/researchphilia/status/1259996748573007872,#COVID-19,37.7749,-122.194,SF
1259997675459510272,Dinoapp,"TOUGH ALOHA LOVE: Different strokes for different states - but everywhere safety enforcement is essential until the coronavirus ""coast is clear""...

#SafetyFirst #PhysicalDistancing #QuarantineQuotes #coronavirus #pandemic #COVID19
https://www.cnn.com/travel/article/hawaii-tourist-arrests-quarantine/index.htmlÂ â€¦ via @CNNTravel","<p class=""TweetTextSize js-tweet-text tweet-text"" data-aria-label-part=""0"" lang=""en"">TOUGH ALOHA LOVE: Different strokes for different states - but everywhere safety enforcement is essential until the coronavirus ""coast is clear""...

<a class=""twitter-hashtag pretty-link js-nav"" data-query-source=""hashtag_click"" dir=""ltr"" href=""/hashtag/SafetyFirst?src=hash""><s>#</s><b>SafetyFirst</b></a> <a class=""twitter-hashtag pretty-link js-nav"" data-query-source=""hashtag_click"" dir=""ltr"" href=""/hashtag/PhysicalDistancing?src=hash""><s>#</s><b>PhysicalDistancing</b></a> <a class=""twitter-hashtag pretty-link js-nav"" data-query-source=""hashtag_click"" dir=""ltr"" href=""/hashtag/QuarantineQuotes?src=hash""><s>#</s><b>QuarantineQuotes</b></a> <a class=""twitter-hashtag pretty-link js-nav"" data-query-source=""hashtag_click"" dir=""ltr"" href=""/hashtag/coronavirus?src=hash""><s>#</s><b>coronavirus</b></a> <a class=""twitter-hashtag pretty-link js-nav"" data-query-source=""hashtag_click"" dir=""ltr"" href=""/hashtag/pandemic?src=hash""><s>#</s><b>pandemic</b></a> <a class=""twitter-hashtag pretty-link js-nav"" data-query-source=""hashtag_click"" dir=""ltr"" href=""/hashtag/COVID19?src=hash""><s>#</s><b><strong>COVID19</strong></b></a>
<a class=""twitter-timeline-link"" data-expanded-url=""https://www.cnn.com/travel/article/hawaii-tourist-arrests-quarantine/index.html"" dir=""ltr"" href=""https://t.co/eumeD8Gnxz"" rel=""nofollow noopener"" target=""_blank"" title=""https://www.cnn.com/travel/article/hawaii-tourist-arrests-quarantine/index.html""><span class=""tco-ellipsis""></span><span class=""invisible"">https://www.</span><span class=""js-display-url"">cnn.com/travel/article</span><span class=""invisible"">/hawaii-tourist-arrests-quarantine/index.html</span><span class=""tco-ellipsis""><span class=""invisible"">Â </span>â€¦</span></a> via <a class=""twitter-atreply pretty-link js-nav"" data-mentioned-user-id=""174377718"" dir=""ltr"" href=""/CNNTravel""><s>@</s><b>CNNTravel</b></a></p>",2020-05-12 00:03:50,"['SafetyFirst', 'PhysicalDistancing', 'QuarantineQuotes', 'coronavirus', 'pandemic', 'COVID19']",https://twitter.com/thedinoapp/status/1259997675459510272,#covid19,37.7749,-122.194,SF
1259997652449669121,Apple News,A possibility that #COVID19 survivorsâ€™ blood could be used to develop treatments has set off a mad scramble for donors. (via @JoNel_Aleccia for @KHNews) https://apple.co/2LjngafÂ pic.twitter.com/HdKnFCs4BL,"<p class=""TweetTextSize js-tweet-text tweet-text"" data-aria-label-part=""0"" lang=""en"">A possibility that <a class=""twitter-hashtag pretty-link js-nav"" data-query-source=""hashtag_click"" dir=""ltr"" href=""/hashtag/COVID19?src=hash""><s>#</s><b><strong>COVID19</strong></b></a> survivorsâ€™ blood could be used to develop treatments has set off a mad scramble for donors. (via <a class=""twitter-atreply pretty-link js-nav"" data-mentioned-user-id=""29366567"" dir=""ltr"" href=""/JoNel_Aleccia""><s>@</s><b>JoNel_Aleccia</b></a> for <a class=""twitter-atreply pretty-link js-nav"" data-mentioned-user-id=""23999515"" dir=""ltr"" href=""/KHNews""><s>@</s><b>KHNews</b></a>) <a class=""twitter-timeline-link"" data-expanded-url=""https://apple.co/2Ljngaf"" dir=""ltr"" href=""https://t.co/Js5qF00XIf"" rel=""nofollow noopener"" target=""_blank"" title=""https://apple.co/2Ljngaf""><span class=""tco-ellipsis""></span><span class=""invisible"">https://</span><span class=""js-display-url"">apple.co/2Ljngaf</span><span class=""invisible""></span><span class=""tco-ellipsis""><span class=""invisible"">Â </span></span></a><a class=""twitter-timeline-link u-hidden"" data-pre-embedded=""true"" dir=""ltr"" href=""https://t.co/HdKnFCs4BL"">pic.twitter.com/HdKnFCs4BL</a></p>",2020-05-12 00:03:44,['COVID19'],https://twitter.com/AppleNews/status/1259997652449669121,#covid19,37.7749,-122.194,SF
1259996984682872833,Mission Asset Fund,Stepping up to provide #DirectCashAssistance to help #LA #Creatives weather the #COVID19 pandemic - with @SnapFoundationpic.twitter.com/Lrawm4yF8H,"<p class=""TweetTextSize js-tweet-text tweet-text"" data-aria-label-part=""0"" lang=""en"">Stepping up to provide <a class=""twitter-hashtag pretty-link js-nav"" data-query-source=""hashtag_click"" dir=""ltr"" href=""/hashtag/DirectCashAssistance?src=hash""><s>#</s><b>DirectCashAssistance</b></a> to help <a class=""twitter-hashtag pretty-link js-nav"" data-query-source=""hashtag_click"" dir=""ltr"" href=""/hashtag/LA?src=hash""><s>#</s><b>LA</b></a> <a class=""twitter-hashtag pretty-link js-nav"" data-query-source=""hashtag_click"" dir=""ltr"" href=""/hashtag/Creatives?src=hash""><s>#</s><b>Creatives</b></a> weather the <a class=""twitter-hashtag pretty-link js-nav"" data-query-source=""hashtag_click"" dir=""ltr"" href=""/hashtag/COVID19?src=hash""><s>#</s><b><strong>COVID19</strong></b></a> pandemic - with <a class=""twitter-atreply pretty-link js-nav"" data-mentioned-user-id=""3002828259"" dir=""ltr"" href=""/SnapFoundation""><s>@</s><b>SnapFoundation</b></a><a class=""twitter-timeline-link u-hidden"" data-pre-embedded=""true"" dir=""ltr"" href=""https://t.co/Lrawm4yF8H"">pic.twitter.com/Lrawm4yF8H</a></p>",2020-05-12 00:01:05,"['DirectCashAssistance', 'LA', 'Creatives', 'COVID19']",https://twitter.com/MAFpajarito/status/1259996984682872833,#covid19,37.7749,-122.194,SF
1259996804856401920,Pacific Community Ventures,Free webinar this Friday on how to pivot your #smallbiz. Join @PCVtweets and some amazing small business owners to hear first-hand how these entrepreneursÂ were able to make lemonade out of #COVID19 lemons.Â Bring your questions! https://us02web.zoom.us/webinar/register/9015889486950/WN_FuZG3f58TyyQqFZwHDhY5wÂ â€¦,"<p class=""TweetTextSize js-tweet-text tweet-text"" data-aria-label-part=""0"" lang=""en"">Free webinar this Friday on how to pivot your <a class=""twitter-hashtag pretty-link js-nav"" data-query-source=""hashtag_click"" dir=""ltr"" href=""/hashtag/smallbiz?src=hash""><s>#</s><b>smallbiz</b></a>. Join <a class=""twitter-atreply pretty-link js-nav"" data-mentioned-user-id=""561386814"" dir=""ltr"" href=""/PCVtweets""><s>@</s><b>PCVtweets</b></a> and some amazing small business owners to hear first-hand how these entrepreneursÂ were able to make lemonade out of <a class=""twitter-hashtag pretty-link js-nav"" data-query-source=""hashtag_click"" dir=""ltr"" href=""/hashtag/COVID19?src=hash""><s>#</s><b><strong>COVID19</strong></b></a> lemons.Â Bring your questions! <a class=""twitter-timeline-link u-hidden"" data-expanded-url=""https://us02web.zoom.us/webinar/register/9015889486950/WN_FuZG3f58TyyQqFZwHDhY5w"" dir=""ltr"" href=""https://t.co/tbhToNI4wN"" rel=""nofollow noopener"" target=""_blank"" title=""https://us02web.zoom.us/webinar/register/9015889486950/WN_FuZG3f58TyyQqFZwHDhY5w""><span class=""tco-ellipsis""></span><span class=""invisible"">https://</span><span class=""js-display-url"">us02web.zoom.us/webinar/regist</span><span class=""invisible"">er/9015889486950/WN_FuZG3f58TyyQqFZwHDhY5w</span><span class=""tco-ellipsis""><span class=""invisible"">Â </span>â€¦</span></a></p>",2020-05-12 00:00:22,"['smallbiz', 'COVID19']",https://twitter.com/PCVtweets/status/1259996804856401920,#covid19,37.7749,-122.194,SF
1259996787496022016,Inneract Project,What support looks like in action â€” @jihern_ & @poufu  Learn about the Moringa Fellowship opportunity and fill out their interest form here: https://docs.google.com/forms/d/e/1FAIpQLSfy_zvnYnU2ILqqsYrw2fijdBWN2lKlrfdrYH38JBr330Vujg/viewformÂ â€¦ #Design4All #Internship #productdesign #SoftwareEngineering #COVID19,"<p class=""TweetTextSize js-tweet-text tweet-text"" data-aria-label-part=""0"" lang=""en"">What support looks like in action â€” <a class=""twitter-atreply pretty-link js-nav"" data-mentioned-user-id=""1567043990"" dir=""ltr"" href=""/jihern_""><s>@</s><b>jihern_</b></a> &amp; <a class=""twitter-atreply pretty-link js-nav"" data-mentioned-user-id=""216507702"" dir=""ltr"" href=""/poufu""><s>@</s><b>poufu</b></a> <img alt=""ðŸ‘ðŸ¾"" aria-label=""Emoji: Clapping hands sign (medium dark skin tone)"" class=""Emoji Emoji--forText"" draggable=""false"" src=""https://abs.twimg.com/emoji/v2/72x72/1f44f-1f3fe.png"" title=""Clapping hands sign (medium dark skin tone)""/> Learn about the Moringa Fellowship opportunity and fill out their interest form here: <a class=""twitter-timeline-link"" data-expanded-url=""https://docs.google.com/forms/d/e/1FAIpQLSfy_zvnYnU2ILqqsYrw2fijdBWN2lKlrfdrYH38JBr330Vujg/viewform"" dir=""ltr"" href=""https://t.co/3845QaA0Rj"" rel=""nofollow noopener"" target=""_blank"" title=""https://docs.google.com/forms/d/e/1FAIpQLSfy_zvnYnU2ILqqsYrw2fijdBWN2lKlrfdrYH38JBr330Vujg/viewform""><span class=""tco-ellipsis""></span><span class=""invisible"">https://</span><span class=""js-display-url"">docs.google.com/forms/d/e/1FAI</span><span class=""invisible"">pQLSfy_zvnYnU2ILqqsYrw2fijdBWN2lKlrfdrYH38JBr330Vujg/viewform</span><span class=""tco-ellipsis""><span class=""invisible"">Â </span>â€¦</span></a> <a class=""twitter-hashtag pretty-link js-nav"" data-query-source=""hashtag_click"" dir=""ltr"" href=""/hashtag/Design4All?src=hash""><s>#</s><b>Design4All</b></a> <a class=""twitter-hashtag pretty-link js-nav"" data-query-source=""hashtag_click"" dir=""ltr"" href=""/hashtag/Internship?src=hash""><s>#</s><b>Internship</b></a> <a class=""twitter-hashtag pretty-link js-nav"" data-query-source=""hashtag_click"" dir=""ltr"" href=""/hashtag/productdesign?src=hash""><s>#</s><b>productdesign</b></a> <a class=""twitter-hashtag pretty-link js-nav"" data-query-source=""hashtag_click"" dir=""ltr"" href=""/hashtag/SoftwareEngineering?src=hash""><s>#</s><b>SoftwareEngineering</b></a> <a class=""twitter-hashtag pretty-link js-nav"" data-query-source=""hashtag_click"" dir=""ltr"" href=""/hashtag/COVID19?src=hash""><s>#</s><b><strong>COVID19</strong></b></a></p>",2020-05-12 00:00:18,"['Design4All', 'Internship', 'productdesign', 'SoftwareEngineering', 'COVID19']",https://twitter.com/InneractProject/status/1259996787496022016,#covid19,37.7749,-122.194,SF
1259996720060039168,PR Underground,â€˜YodiYilâ€™ Offers #Free #GPSTracker For Customers Directly Impacted By #COVID19 https://www.prunderground.com/?p=188644Â  @yodiyilpic.twitter.com/njcLaHtU5z,"<p class=""TweetTextSize js-tweet-text tweet-text"" data-aria-label-part=""0"" lang=""en"">â€˜YodiYilâ€™ Offers <a class=""twitter-hashtag pretty-link js-nav"" data-query-source=""hashtag_click"" dir=""ltr"" href=""/hashtag/Free?src=hash""><s>#</s><b>Free</b></a> <a class=""twitter-hashtag pretty-link js-nav"" data-query-source=""hashtag_click"" dir=""ltr"" href=""/hashtag/GPSTracker?src=hash""><s>#</s><b>GPSTracker</b></a> For Customers Directly Impacted By <a class=""twitter-hashtag pretty-link js-nav"" data-query-source=""hashtag_click"" dir=""ltr"" href=""/hashtag/COVID19?src=hash""><s>#</s><b><strong>COVID19</strong></b></a> <a class=""twitter-timeline-link"" data-expanded-url=""https://www.prunderground.com/?p=188644"" dir=""ltr"" href=""https://t.co/bLR8lLqMEn"" rel=""nofollow noopener"" target=""_blank"" title=""https://www.prunderground.com/?p=188644""><span class=""tco-ellipsis""></span><span class=""invisible"">https://www.</span><span class=""js-display-url"">prunderground.com/?p=188644</span><span class=""invisible""></span><span class=""tco-ellipsis""><span class=""invisible"">Â </span></span></a> <a class=""twitter-atreply pretty-link js-nav"" data-mentioned-user-id=""194531374"" dir=""ltr"" href=""/yodiyil""><s>@</s><b>yodiyil</b></a><a class=""twitter-timeline-link u-hidden"" data-pre-embedded=""true"" dir=""ltr"" href=""https://t.co/njcLaHtU5z"">pic.twitter.com/njcLaHtU5z</a></p>",2020-05-12 00:00:02,"['Free', 'GPSTracker', 'COVID19']",https://twitter.com/prunderground/status/1259996720060039168,#covid19,37.7749,-122.194,SF
