tweet_id,username,text,tweet_date,tweet_url,search_term
1241513977898627074,‚ôãÔ∏èüíú Gene,"COVID-19Í∞Ä ÎÅùÎÇòÎ©¥ ÎπÑÌñâÍ∏∞Î•º ÌÉÄÍ≥† Ïã∂Ïñ¥Ïöî. Í∑∏Î¶¨Í≥†, ÎØ∏ÎûòÏóê Ïó¨ÌñâÌïòÍ≥† Ïã∂Ïñ¥Ïöî. ",2020-03-21 23:56:13,https://twitter.com/namjaGene9oo/status/1241513977898627074,COVID
1241511965622702082,ryan around,Kinda confusing to see this still getting built given the current situation. #ferriswheel #goldengatepark #daily #exercise #quarantine #covid_19 #sanfrancisco #iphonexs #lightroom #hdr #hella #big @ Golden Gate Park https://www.instagram.com/p/B-A8IuXhq_n/?igshid=1fyi35lrtlpy0¬†‚Ä¶,2020-03-21 23:48:13,https://twitter.com/ryanaround/status/1241511965622702082,COVID
1241507055212490752,Josh Grau‚Ñ¢Ô∏è,"Happy birthday! It‚Äôs a big milestone, and here‚Äôs hoping you and your wife can celebrate in a big way when COVID-19 passes and she beats her villain!",2020-03-21 23:28:42,https://twitter.com/grauface/status/1241507055212490752,COVID
1241506104850305025,Uranium Blast Gatorade,Gotta admit I find something fishy about the celebrity covid cases.,2020-03-21 23:24:56,https://twitter.com/magneticksara/status/1241506104850305025,COVID
1241504413442695168,Salt and Ginger Hair Don't Care üîÑ,Do you know how many people actually have that particular and or similar heart problems? Do you realize the Covid-19 causes heart problems in the severe lung infected patients? Come on now. Facts matter coverups kill,2020-03-21 23:18:12,https://twitter.com/grammytammyd/status/1241504413442695168,COVID
1241503168007008256,Ann Tirrell-Creating my own destiny,Excellent description of why Trump is #UnfitToBePresident #CoronavirusPandemic #Covid_19 #CoronaVirusUpdatehttps://twitter.com/jswatz/status/1241483301573013506¬†‚Ä¶,2020-03-21 23:13:15,https://twitter.com/anntirrell/status/1241503168007008256,COVID
1241502515675287552,Darryl,Mad shouts to the Toto's pizza staff in San Bruno for cleaning the crosswalk buttons on the el camino. Stop the covid. ‚Äì at Totos Pizza,2020-03-21 23:10:40,https://twitter.com/NaahVee/status/1241502515675287552,COVID
1241500691723481088,Sam Roloff,New oil painting of #WinnieThePooh holding the #coronavirus 24x30 inches on canvas. #COVID19 #Covid_19 #CoronavirusPandemic #XiJinping #XiVirus #virusart #politicalart #2020 $1500pic.twitter.com/nekqKOWMDT,2020-03-21 23:03:25,https://twitter.com/samroloff/status/1241500691723481088,COVID
1241498279612837888,Esmee D,"Check the sky ... the chem trails are real, they are ‚Äúfeeding‚Äù us their garbage to keep the pharmaceutical companies afloat. 5G towers there to weaken your immune system  #coronavirus #Covid_19",2020-03-21 22:53:50,https://twitter.com/itss_mze/status/1241498279612837888,COVID
1241498259387899905,Ann Tirrell-Creating my own destiny,Trump‚Äôs #mentalillness won‚Äôt allow him to take blame or be empathetic. Why is he still our President? #CoronavirusPandemic #Covid_19 #COVID„Éº19 #CoronaVirusUpdate #SaturdayNightTakewayhttps://twitter.com/BradMossEsq/status/1241491664268603397¬†‚Ä¶,2020-03-21 22:53:45,https://twitter.com/anntirrell/status/1241498259387899905,COVID
1241497790116585472,dawn,"This video is great. It hits a point that‚Äôs not stressed enough: it‚Äôd be great to be tested en masse but US hospitals are unprepared to handle that amount of people. If sick or healthy, we must assume we have COVID-19 and stay home and let the most at-risk get tested and treated. https://twitter.com/NyleDiMarco/status/1241459950578069506¬†‚Ä¶",2020-03-21 22:51:53,https://twitter.com/thatissodawn/status/1241497790116585472,COVID
1241497345843331075,Thomas Gase,"Our online person a week ago when telling us to put ‚Äúall readers‚Äù on coronavirus stories and I‚Äôm reading it and saying to myself, ‚ÄúJust make the whole paper free. I wrote something like 14 stories the past two weeks and 18 of them have been relating to COVID-19.‚Äù",2020-03-21 22:50:07,https://twitter.com/TgaseVTH/status/1241497345843331075,COVID
1241497218558787584,Nils Gilman,"‚ÄúWhen you have 15 people, and the 15 within a couple of days is going to be down to close to zero, that‚Äôs a pretty good job we‚Äôve done.‚Äù - , 26 February https://www.whitehouse.gov/briefings-statements/remarks-president-trump-vice-president-pence-members-coronavirus-task-force-press-conference/¬†‚Ä¶

As of this evening there have been 23,940 confirmed cases & 301 deaths due to COVID-19 in the US",2020-03-21 22:49:37,https://twitter.com/nils_gilman/status/1241497218558787584,COVID
1241496370952970247,Potluck1Ton,"Just saying ... Me and mines we gonna be good.  #OGMC #covid_19 #corona #quarantine #realtalk #relationshipgoals #familyfirst #hippythuglife @ San Francisco, California, U.S.A https://www.instagram.com/p/B-A1C0Xpio5/?igshid=1qr6arvxuf1kg¬†‚Ä¶",2020-03-21 22:46:15,https://twitter.com/Potluck1Ton/status/1241496370952970247,COVID
1241495829099057152,ProgressivePower,"How many giant corps are emailing today with this COVID PR BS, you just stole $1.5T more off the backs of the middle class. Fuck off",2020-03-21 22:44:06,https://twitter.com/OurProgressive/status/1241495829099057152,COVID
1241494691817779200,Jay,I imagine greedy mfs sitting at home sitting on a thrown made of stacks of cottonelle surrounded by a circle of Clorox wipes laughing maniacally as the world crumbles around them while their servants give them purell sponge baths #SupplyChain #Covid_19 #Coronavirus,2020-03-21 22:39:35,https://twitter.com/JayNeilDev/status/1241494691817779200,COVID
1241493517697867777,Zane Kashner,i wonder if random corporations are transitioning their R&D depts to coronavirus response? how wild would it be if doritos‚Äô scientistists discovered a novel COVID-19 cure,2020-03-21 22:34:55,https://twitter.com/ZaneKashner/status/1241493517697867777,COVID
1241491809387204608,aaron ‚Äúbig stay at home energy‚Äù jun,This is so much emptier than usual and I will remind everyone that there are huge swaths of America doing absolutely fuck all about COVID. https://twitter.com/jaketapper/status/1241454821430845440¬†‚Ä¶,2020-03-21 22:28:07,https://twitter.com/aaronjun_/status/1241491809387204608,COVID
1241490380346007552,Susan Mallon,It was a beautiful day for a solo #socialdistancing walk through #goldengatepark #covid_19 (note the #ferriswheel being setup for the #goldengatepark150 anniversary celebration which is canceled/postponed ) @ Golden‚Ä¶ https://www.instagram.com/p/B-AyUV0BQLy/?igshid=fkgsnbh2hm2t¬†‚Ä¶,2020-03-21 22:22:27,https://twitter.com/sfmallon/status/1241490380346007552,COVID
1241490214079459328,Mario Gonzalez-Brito üåπ,This is what leadership looks #WhereIsJoeBiden while the establishment fails to get anything passed that will put money in the hands of the people not corporations & Wall Street.  @BernieSanders continues to fight 4 us. #NotMeUs #M4A #BernieBeatsTrump #Covid_19 #SocialSolidaritypic.twitter.com/m6uirw4gNj,2020-03-21 22:21:47,https://twitter.com/mkbrito/status/1241490214079459328,COVID
1241513977898627074,‚ôãÔ∏èüíú Gene,"COVID-19Í∞Ä ÎÅùÎÇòÎ©¥ ÎπÑÌñâÍ∏∞Î•º ÌÉÄÍ≥† Ïã∂Ïñ¥Ïöî. Í∑∏Î¶¨Í≥†, ÎØ∏ÎûòÏóê Ïó¨ÌñâÌïòÍ≥† Ïã∂Ïñ¥Ïöî. ",2020-03-21 23:56:13,https://twitter.com/namjaGene9oo/status/1241513977898627074,COVID-19
1241511965622702082,ryan around,Kinda confusing to see this still getting built given the current situation. #ferriswheel #goldengatepark #daily #exercise #quarantine #covid_19 #sanfrancisco #iphonexs #lightroom #hdr #hella #big @ Golden Gate Park https://www.instagram.com/p/B-A8IuXhq_n/?igshid=1fyi35lrtlpy0¬†‚Ä¶,2020-03-21 23:48:13,https://twitter.com/ryanaround/status/1241511965622702082,COVID-19
1241509684541976576,Ken Miguel,Signs have gone up at Garfield Park in #SanFrancisco urging people to keep their distance.  They playground is empty. #StayAtHome #StaySafeStayHome #StaySafe #CoronavirusPandemic #coronavirus #COVID19 pic.twitter.com/gmz7P3QUbZ ‚Äì at Garfield Square,2020-03-21 23:39:09,https://twitter.com/KenMiguelABC7/status/1241509684541976576,COVID-19
1241508886487502851,el rey,"Shout out to @PayPal for refusing to release TOTAL refunds for returns by  small and local venues, like @bottomofthehill, impacted by #COVID19",2020-03-21 23:35:59,https://twitter.com/Reyymundo/status/1241508886487502851,COVID-19
1241508800185503745,Matt Mireles,"My old employer, New York-Presbyterian Hospital, is now rationing N-95 masks & on-track to be DDOS‚Äôs by #COVID19

I told you a war was coming

Now it is here

This just the first wave

God help us all https://twitter.com/Jason/status/1241504189231984640¬†‚Ä¶",2020-03-21 23:35:38,https://twitter.com/mattmireles/status/1241508800185503745,COVID-19
1241508779037847552,kesinee angkustsiri yip,"https://www.wired.com/story/coronavirus-interview-larry-brilliant-smallpox-epidemiologist/¬†‚Ä¶
The Doctor Who Helped Defeat Smallpox Explains What's Coming
Epidemiologist Larry Brilliant, who warned of pandemic in 2006, says we can beat the novel coronavirus‚Äîbut first, we need lots more testing.

#COVID19 #coronavirus",2020-03-21 23:35:33,https://twitter.com/kesineeayip/status/1241508779037847552,COVID-19
1241508330310262784,vanilasingh,"We must all come together and help each other-
1. Get take out or pick up for food delivery (take all precautions with hand hygiene)
2. Order online 
3. Only buy groceries for 1 wk
4. Help keep businesses afloat 
5. Words of encouragement and kindness #COVID19",2020-03-21 23:33:46,https://twitter.com/VanilaSingh/status/1241508330310262784,COVID-19
1241507055212490752,Josh Grau‚Ñ¢Ô∏è,"Happy birthday! It‚Äôs a big milestone, and here‚Äôs hoping you and your wife can celebrate in a big way when COVID-19 passes and she beats her villain!",2020-03-21 23:28:42,https://twitter.com/grauface/status/1241507055212490752,COVID-19
1241506432278597632,"Moupali Das, MD, MPH",@RonaldKlain great job! #COVID19 https://twitter.com/JoeBiden/status/1241416531684331526¬†‚Ä¶,2020-03-21 23:26:14,https://twitter.com/drmoupali/status/1241506432278597632,COVID-19
1241505319437496321,Padraig üè°,Laura‚Äôs take on media response to #COVID19: ‚Äúpanic pushers‚Äù stirring up ‚Äúmass hysteria.‚Äù,2020-03-21 23:21:48,https://twitter.com/patrickmkcirtap/status/1241505319437496321,COVID-19
1241505074276265990,Jacq,#COVID19 pic.twitter.com/MKVqPPe6iK,2020-03-21 23:20:50,https://twitter.com/huntingjacq/status/1241505074276265990,COVID-19
1241504413442695168,Salt and Ginger Hair Don't Care üîÑ,Do you know how many people actually have that particular and or similar heart problems? Do you realize the Covid-19 causes heart problems in the severe lung infected patients? Come on now. Facts matter coverups kill,2020-03-21 23:18:12,https://twitter.com/grammytammyd/status/1241504413442695168,COVID-19
1241503168007008256,Ann Tirrell-Creating my own destiny,Excellent description of why Trump is #UnfitToBePresident #CoronavirusPandemic #Covid_19 #CoronaVirusUpdatehttps://twitter.com/jswatz/status/1241483301573013506¬†‚Ä¶,2020-03-21 23:13:15,https://twitter.com/anntirrell/status/1241503168007008256,COVID-19
1241501716500996096,üéº The Vinyl Goddess 13 üè¥Û†ÅßÛ†Å¢Û†Å≥Û†Å£Û†Å¥Û†ÅøüáÆüá™,Give $2000/month to every American #moneyforthepeople #covid19 - Sign the Petition! http://chng.it/T66vCXhv¬† via @Change,2020-03-21 23:07:29,https://twitter.com/lapsedvinylgod1/status/1241501716500996096,COVID-19
1241501692467662851,Swaggy T,Nurses are not getting the protections they desperately need to fight #COVID19. @NationalNurses is demanding Congress act now. Add your name:https://act.medicare4all.org/signup/covid-19-protect/¬†‚Ä¶,2020-03-21 23:07:24,https://twitter.com/teekdasneek/status/1241501692467662851,COVID-19
1241500775055949824,Ivan Amador,If dogs can be trained to sniff out Malaria and other infectious diseases ....could they the Corona Virus ? #Coronavirus #COVID19 #dogsniffingvirushunters,2020-03-21 23:03:45,https://twitter.com/iaboi46sfo/status/1241500775055949824,COVID-19
1241500691723481088,Sam Roloff,New oil painting of #WinnieThePooh holding the #coronavirus 24x30 inches on canvas. #COVID19 #Covid_19 #CoronavirusPandemic #XiJinping #XiVirus #virusart #politicalart #2020 $1500pic.twitter.com/nekqKOWMDT,2020-03-21 23:03:25,https://twitter.com/samroloff/status/1241500691723481088,COVID-19
1241514910065913856,Alyssa,Is it just me or since this whole corona virus thing started happening all my social media has been trippen,2020-03-21 23:59:55,https://twitter.com/lil_lyssa_g/status/1241514910065913856,Corona
1241511103399485442,Joshua Adam Anderson,heads up/ dibs: I‚Äôm currently writing the great american corona novel. So yeah called it (dm for audio readings of the rough draft),2020-03-21 23:44:47,https://twitter.com/j_adam_anderson/status/1241511103399485442,Corona
1241507375858610176,Alex Esber,"Since Corona has me doing a bunch of cooking, I decided to hop back on the fermentation train. pic.twitter.com/4XfZmx7bRO",2020-03-21 23:29:59,https://twitter.com/alexesber/status/1241507375858610176,Corona
1241504166452715520,mari,i‚Äôve had at least 3 groups of 5+ people come into my work today...... do u guys not know what social distancing means??? HELLLLO CORONA VIRUS??????,2020-03-21 23:17:13,https://twitter.com/totallymaricruz/status/1241504166452715520,Corona
1241500775055949824,Ivan Amador,If dogs can be trained to sniff out Malaria and other infectious diseases ....could they the Corona Virus ? #Coronavirus #COVID19 #dogsniffingvirushunters,2020-03-21 23:03:45,https://twitter.com/iaboi46sfo/status/1241500775055949824,Corona
1241500368481075200,thania melgoza,Why my niece gonnna tell me ‚ÄúEww Nani u got corona virus ‚Äú little girl if u don‚Äôt shut up before I beat yo ass,2020-03-21 23:02:08,https://twitter.com/thaniaa_m/status/1241500368481075200,Corona
1241499148714561536,Ivan Amador,If dogs can be trained to sniff out Malaria and other infectious diseases ....could they the Corona Virus ?,2020-03-21 22:57:17,https://twitter.com/iaboi46sfo/status/1241499148714561536,Corona
1241497145707880448,Fredo,Are they on sale???? @corona https://twitter.com/Ifcmatt/status/1241012612390883329¬†‚Ä¶,2020-03-21 22:49:20,https://twitter.com/fredoJKU/status/1241497145707880448,Corona
1241496370952970247,Potluck1Ton,"Just saying ... Me and mines we gonna be good.  #OGMC #covid_19 #corona #quarantine #realtalk #relationshipgoals #familyfirst #hippythuglife @ San Francisco, California, U.S.A https://www.instagram.com/p/B-A1C0Xpio5/?igshid=1qr6arvxuf1kg¬†‚Ä¶",2020-03-21 22:46:15,https://twitter.com/Potluck1Ton/status/1241496370952970247,Corona
1241495435920826368,Kashish Juneja,Rubber ain‚Äôt gonna stop Corona #NoNutQuarantine,2020-03-21 22:42:32,https://twitter.com/KashishJuneja14/status/1241495435920826368,Corona
1241489027133399040,Patrick Ewing,"me too, buddy!! and if you want to reallly feel good about it, i know some folks are spraying their packages after they arrive, or waiting 24 hours to open them (cardboard isn‚Äôt a great surface for corona to survive on, turns out! only 24hrs unlike plastic & stainless steel)",2020-03-21 22:17:04,https://twitter.com/hoverbird/status/1241489027133399040,Corona
1241479299414126592,Robert Kinoshita,#shelterinplace #shelterinyard fresh air and getting the yard ready for summer..... this the before picture #sanfrancisco #415strong #415together #yard #home #luxurylifestyle #luxuryrealestate #health #corona‚Ä¶ https://www.instagram.com/p/B-AtR8pB7OV/?igshid=dh89tbyp1ajn¬†‚Ä¶,2020-03-21 21:38:25,https://twitter.com/Kinoshitagroup/status/1241479299414126592,Corona
1241477729360330752,Hannah Student,CORONA UPDATE: We‚Äôre now out of ranch so things are getting really bad in the Student household,2020-03-21 21:32:10,https://twitter.com/hanstudent/status/1241477729360330752,Corona
1241469350185443328,ùï≤ùñÜùñáùñäùñòùñéùñäùñò,@WholeFoods in Santa Clara literally has somebody wiping down each cart after the use.  Thank you!! It was pretty stocked too. #CoronavirusPandemic #WholeFoods #CoronavirusPandemic #Corona,2020-03-21 20:58:53,https://twitter.com/gabesies/status/1241469350185443328,Corona
1241466714425942016,Maybelline Smith üå±üåè‚òÆ,"""#Spam, I love Spam!""
-Short walk to pantry...
""NO Spam on my #dog shelf!
My Two-Leggers just told me we're #socialdistancing because of #Corona & can't go shopping. NOT true,only #beer drank in this house is #ArogantBastard.
#CabinFever
""Got your back Rex, you're real not spam.""https://twitter.com/rexthetvterrier/status/1241367444645646336¬†‚Ä¶",2020-03-21 20:48:24,https://twitter.com/lovedogsandbeer/status/1241466714425942016,Corona
1241464264524619779,anisa,Every minor thing that happens to me I think it‚Äôs corona. Today it‚Äôs a caffeine headache I‚Äôm sure but I am trippin Lmfaoooo,2020-03-21 20:38:40,https://twitter.com/AnisaPatriciaJ/status/1241464264524619779,Corona
1241460542281093120,John e Fitch,"IN MY OPINION,

I'M NOT A DOCTOR, SCIENTIST,  CHEMIST OR PHARMACIST

WHEN IT COME TO PEOPLE WHO'S INFECTED WITH THE CORONA VIRUS, HAVE ANY DOCTOR OR PHARMACIST TRIED TO TREAT THEM WITH ODEFSEY, IT HAS 3 INGREDIENTS IN ONE PILL, ALSO SULFAMETHOXAZOLE - TRIMETHOPRIM FOR INFECTION. pic.twitter.com/Kv9bAwIouW",2020-03-21 20:23:53,https://twitter.com/thevoice_e/status/1241460542281093120,Corona
1241456831819419648,Poontü•µ,SHOUT OUT TO MRS CORONA D‚ÄôVIRUSSSS !!!! MY BOYFRIEND MIGHT BE GETTING A EARLY RELEASE BECAUSE OF HER ,2020-03-21 20:09:08,https://twitter.com/lilpooont/status/1241456831819419648,Corona
1241514910065913856,Alyssa,Is it just me or since this whole corona virus thing started happening all my social media has been trippen,2020-03-21 23:59:55,https://twitter.com/lil_lyssa_g/status/1241514910065913856,Coronavirus
1241514098925305856,Vanessa Pacheco,"I am begging everyone to PLEASE not buy a bunch of hydroxychloroquine because of what our idiot-in-chief has been saying. Those of us with lupus or other autoimmune diseases need it to function. Do not drive up the price or make it hard to get. 
#COVID„Éº19
#coronavirus",2020-03-21 23:56:42,https://twitter.com/VanessaLP526/status/1241514098925305856,Coronavirus
1241512821264748544,Russell Jurney,"Is there a post out there explaining what an R0 value is & how it affects the spread of coronavirus? I have ppl on Facebook that don‚Äôt grok why coronavirus is worse than the flu.

I don‚Äôt know how an epidemiologist would model a pandemic to show them what effect R0 of >=2.2 has.",2020-03-21 23:51:37,https://twitter.com/rjurney/status/1241512821264748544,Coronavirus
1241511180373389312,Padraig üè°,Those little right wing boys like @charliekirk11 will be PISSED if the cure for #coronavirus comes from China.,2020-03-21 23:45:06,https://twitter.com/patrickmkcirtap/status/1241511180373389312,Coronavirus
1241510982716809216,auralane,i just left a hospital where emergency dept is surging daily and nursing staff is now shorthanded working double shifts and doubling back the next day ... note: and that hospital does not yet have any coronavirus patients,2020-03-21 23:44:19,https://twitter.com/auralane/status/1241510982716809216,Coronavirus
1241510873694261248,Padraig üè°,Watched Arrival again last night. Some lines from the news broadcasts in that movie have AMAZING similarities to those about #coronavirus https://twitter.com/WalshFreedom/status/1241489386941886466¬†‚Ä¶,2020-03-21 23:43:53,https://twitter.com/patrickmkcirtap/status/1241510873694261248,Coronavirus
1241510790638653440,nedu,90k+ ppl have recovered from Coronavirus... Coronavirus: Italy escalates lockdown as death toll rises #Coronavirus https://twitter.com/i/events/1219057585707315201¬†‚Ä¶,2020-03-21 23:43:33,https://twitter.com/nneedduu/status/1241510790638653440,Coronavirus
1241510585545576449,Padraig üè°,Arrival. Some of the quotes from the news broadcasts in that movie have STARTLING similarities to those about #coronavirus,2020-03-21 23:42:44,https://twitter.com/patrickmkcirtap/status/1241510585545576449,Coronavirus
1241509684541976576,Ken Miguel,Signs have gone up at Garfield Park in #SanFrancisco urging people to keep their distance.  They playground is empty. #StayAtHome #StaySafeStayHome #StaySafe #CoronavirusPandemic #coronavirus #COVID19pic.twitter.com/gmz7P3QUbZ ‚Äì at Garfield Square,2020-03-21 23:39:09,https://twitter.com/KenMiguelABC7/status/1241509684541976576,Coronavirus
1241508779037847552,kesinee angkustsiri yip,"https://www.wired.com/story/coronavirus-interview-larry-brilliant-smallpox-epidemiologist/¬†‚Ä¶
The Doctor Who Helped Defeat Smallpox Explains What's Coming
Epidemiologist Larry Brilliant, who warned of pandemic in 2006, says we can beat the novel coronavirus‚Äîbut first, we need lots more testing.

#COVID19 #coronavirus",2020-03-21 23:35:33,https://twitter.com/kesineeayip/status/1241508779037847552,Coronavirus
1241506045966471168,Sal Mancuso,NYC issues iconic guide to banging during coronavirus http://tinyurl.com/usxpegd¬† #tech #technology #news,2020-03-21 23:24:42,https://twitter.com/b8con/status/1241506045966471168,Coronavirus
1241504166452715520,mari,i‚Äôve had at least 3 groups of 5+ people come into my work today...... do u guys not know what social distancing means??? HELLLLO CORONA VIRUS??????,2020-03-21 23:17:13,https://twitter.com/totallymaricruz/status/1241504166452715520,Coronavirus
1241502604703576064,Kimmy M,Ummm....@cnn was showing 24k #coronavirus cases in the US like 10 mins ago...and is now showing 22k.  What happened? ,2020-03-21 23:11:01,https://twitter.com/rimley/status/1241502604703576064,Coronavirus
1241502319356698624,Esmee D,All these celebrities testing positive for #coronavirus ..    https://twitter.com/enews/status/1241499134571487234¬†‚Ä¶,2020-03-21 23:09:53,https://twitter.com/itss_mze/status/1241502319356698624,Coronavirus
1241500775055949824,Ivan Amador,If dogs can be trained to sniff out Malaria and other infectious diseases ....could they the Corona Virus ? #Coronavirus #COVID19 #dogsniffingvirushunters,2020-03-21 23:03:45,https://twitter.com/iaboi46sfo/status/1241500775055949824,Coronavirus
1241514252667482112,eliJUH,oh yes PLEASE save me from the boredom that is quarantine,2020-03-21 23:57:18,https://twitter.com/Elijah_Salvaje/status/1241514252667482112,Quarantine
1241513888480251904,Enrique üí∏,Fuck a bitch name quarantine  pic.twitter.com/lL8FFh8pDe,2020-03-21 23:55:51,https://twitter.com/__enriquecruz_/status/1241513888480251904,Quarantine
1241513854951026688,KRIS,Day 743792 in quarantine and I cut Winston‚Äôs hair. Poor guy is walking around looking like this.  pic.twitter.com/BPbspJsD1D,2020-03-21 23:55:43,https://twitter.com/killaxtina/status/1241513854951026688,Quarantine
1241513108159356929,mactavish üåé üè≥Ô∏è‚Äçüåà üíôüíú‚ù§Ô∏è ü¶Ñ‚ùÑÔ∏è‚ôø,Quarantine is pretty https://twitter.com/JanetRudolph/status/1241510655187759104¬†‚Ä¶,2020-03-21 23:52:45,https://twitter.com/mactavish/status/1241513108159356929,Quarantine
1241513070821888000,DaveN,Everyone posting their #socialdistancing #quarantine pics some of us still out here putting in work. Gotta keep y‚Äôall connected out there! We work from here so you can work from home.‚Ä¶ https://www.instagram.com/p/B-A8o3EDHqbBklWadUd14c9LGKoVyv7Re_oGyc0/?igshid=1gso40tlded2x¬†‚Ä¶,2020-03-21 23:52:36,https://twitter.com/DaveN_74/status/1241513070821888000,Quarantine
1241512449339097088,QueenBri,Quarantine Tings pic.twitter.com/aIXusza2n4,2020-03-21 23:50:08,https://twitter.com/QueenxBriiiii/status/1241512449339097088,Quarantine
1241511965622702082,ryan around,Kinda confusing to see this still getting built given the current situation. #ferriswheel #goldengatepark #daily #exercise #quarantine #covid_19 #sanfrancisco #iphonexs #lightroom #hdr #hella #big @ Golden Gate Park https://www.instagram.com/p/B-A8IuXhq_n/?igshid=1fyi35lrtlpy0¬†‚Ä¶,2020-03-21 23:48:13,https://twitter.com/ryanaround/status/1241511965622702082,Quarantine
1241511463983788033,A ‚ù•,Alright I‚Äôve decided. After this quarantine shit is over I VOW TO STOP BEING A LAZY BITCH AND GO OUT MORE AND HAVE FUCKING FUN BECAUSE I CAN NO LONGER STAY IN MY HOUSE ANYMORE IM LOOSING MY MIND!!!!!!,2020-03-21 23:46:13,https://twitter.com/alxndruh_/status/1241511463983788033,Quarantine
1241510485125500928,Michael Youens,Perfect quarantine companion ,2020-03-21 23:42:20,https://twitter.com/MikeYouens415/status/1241510485125500928,Quarantine
1241510358667296768,"CEO of Big Cow, LLC","I think my quarantine deep dive is going to be finding out why each of the time zone enclaves exist within larger states. (El Paso, eastern Oregon, Western Kansas, etc) 

I'm guessing it's got something to do with some extremely petty local politics. https://twitter.com/superbleeder12/status/1241507883117936646¬†‚Ä¶",2020-03-21 23:41:50,https://twitter.com/alexwarneke/status/1241510358667296768,Quarantine
1241509435110981639,Zae Ramos,"We took the kayaks out for their first spin  #kayaking #quarantine #2020 @ Marina Bay, Richmond, California https://www.instagram.com/p/B-A6PE_nqOC/?igshid=18rd4n92cv2hj¬†‚Ä¶",2020-03-21 23:38:10,https://twitter.com/zaeramos/status/1241509435110981639,Quarantine
1241507761424195585,Elizabethfranco,@JheneAiko  dropped this album right on time quarantine&chill  pic.twitter.com/4885nWQfiw,2020-03-21 23:31:31,https://twitter.com/werastacks/status/1241507761424195585,Quarantine
1241507450831794176,Plant Based Erwin ‚ìã,"Despite the quarantine, I still got my #nicksfix from @nicksongrand  For my two-item combo, I got some #vegan corned beef and lemon chick‚Äôn, and also some mac & cheeze with Beyond patty crumbled on top. For dessert I got a slice of their cornbreadpic.twitter.com/GZuXycUzaV ‚Äì at Nick‚Äôs On Grand",2020-03-21 23:30:17,https://twitter.com/plantbasederwin/status/1241507450831794176,Quarantine
1241507232048504832,‰∏ÄÂ°ä‰∫îÊØõ üá®üá≥ üá∫üá∏üß¢,"I don‚Äôt think we can slow the spread anytime soon because 1 we weren‚Äôt prepared and missed the critical window 2 we can‚Äôt even properly quarantine ourselves. 

Either we implement the Marshall Law or we develop miracle vaccine, I suspect we will be in Italy‚Äôs shoes very soon.",2020-03-21 23:29:24,https://twitter.com/1DIAN5/status/1241507232048504832,Quarantine
1241507149714305024,Erwin Jude ‚ìã,"Despite the quarantine, I still got my #nicksfix from @nicksongrand  For my two-item combo, I got some #vegan corned beef and lemon chick‚Äôn, and also some mac & cheeze with Beyond patty crumbled on top. For dessert I got a slice of their cornbreadpic.twitter.com/WVb7XBKq3v ‚Äì at Nick‚Äôs On Grand",2020-03-21 23:29:05,https://twitter.com/iamerwinjude/status/1241507149714305024,Quarantine
1241506507042074624,yissy,Quarantine boutta make me reinstall Skyrim or Dark Souls tbh,2020-03-21 23:26:32,https://twitter.com/babyyis_/status/1241506507042074624,Quarantine
1241506340687806464,Andrew Madsen,"So quarantine is going well for me, why do you ask? @ Oakland, California https://www.instagram.com/p/B-A5lDcH-Wa/?igshid=1eg711oh2j967¬†‚Ä¶",2020-03-21 23:25:52,https://twitter.com/playswithlegos/status/1241506340687806464,Quarantine
1241505121772527616,Jas,watching mike chen‚Äôs food videos during quarantine hits different i‚Äôm craving literally everything now ,2020-03-21 23:21:01,https://twitter.com/_jaaasssc/status/1241505121772527616,Quarantine
1241504887927537664,Tori,Quarantine doesnt mean go socialize at other ppls houses with groups 10 or more lmfaooo it means stay in at ur house or the social distancing to minimize the spread of the virus doesn‚Äôt work ,2020-03-21 23:20:05,https://twitter.com/TorixGarcia/status/1241504887927537664,Quarantine
1241458399448952833,Luis E. Fernandez is Staying Inside,This version of The Little Mermaid‚Äôs showstopper updated for the #COVID era is so awesome!  PART OF OUR WORLD https://youtu.be/VPxkG28RRcY¬† #StayAtHome #Covid_19 #coronavirus,2020-03-21 20:15:22,https://twitter.com/LuisFernandez0/status/1241458399448952833,#COVID
1241448116244504576,BTDubs,#covid  sounds like a brand of organic coconut water.,2020-03-21 19:34:30,https://twitter.com/BTW1986/status/1241448116244504576,#COVID
1241437689963900931,Ann Tirrell-Creating my own destiny,More evidence of Trumps  #mentalillness he understands little but how the world effects him-dangerous! #SaturdayMotivation #SaturdayNight #Covid_19 #CoronavirusPandemic #COVID„Éº19 #COVID,2020-03-21 18:53:04,https://twitter.com/anntirrell/status/1241437689963900931,#COVID
1241436856769597440,Ann Tirrell-Creating my own destiny,Trump talking is now dangerous. Why is he still our President? #Covid_19 #CoronavirusPandemic #COVID„Éº19 #CoronaVirusUpdate #COVID #SaturdayNight #SaturdayThoughts,2020-03-21 18:49:46,https://twitter.com/anntirrell/status/1241436856769597440,#COVID
1241434231638618112,KP NapaSolano FMR,Dr. Todd Grande talks with our program director about the novel coronavirus (Covid 19) in his YouTube channel.  Check them out at https://bit.ly/2QBzpub¬†.  #kpnsfmrp #kpnsfmr #thisisfammed #fmrevolution #meded #stfm #familyphysician #baller #coronavirus #covid #covƒ±d19 #pandemicpic.twitter.com/UlQ3zQcdQM,2020-03-21 18:39:20,https://twitter.com/KPNapaSolanoFM/status/1241434231638618112,#COVID
1241414275026935814,BALA,"‡§Ö‡§Æ‡§∞‡•Ä‡§ï‡§æ ‡§ï‡•á ‡§∞‡§æ‡§∑‡•ç‡§ü‡•ç‡§∞‡§™‡§§‡§ø @POTUS ‡§î‡§∞ ‡§â‡§™ ‡§∞‡§æ‡§∑‡•ç‡§ü‡•ç‡§∞‡§™‡§§‡§ø  ‡•Æ ‡§¶‡§ø‡§® ‡§∏‡•á ‡§∞‡•ã‡§ú‡§º ‡§¶‡•á‡§∂ ‡§ï‡•ã ‡§∏‡§Ç‡§≠‡•ã‡§¶‡§ø‡§§ ‡§ï‡§∞ ‡§ï‡•á ‡§¨‡§§‡§æ ‡§∞‡§π‡•á ‡§π‡•à ‡§∏‡§∞‡§ï‡§æ‡§∞ ‡§ï‡•ç‡§Ø‡§æ ‡§ï‡§∞ ‡§∞‡§π‡•Ä ‡§π‡•à ‡§ú‡§®‡§§‡§æ ‡§ï‡•á ‡§≤‡§ø‡§è 
@narendramodi ‡§¨‡§∏ ‡§ö‡•Å‡§®‡§æ‡§µ ‡§ï‡•á ‡§∏‡§Æ‡§Ø ‡§≠‡§æ‡§∑‡§£ ‡§¶‡•á‡§§‡•á ‡§π‡•à #COVID
https://www.pscp.tv/w/cUTxaDFtTUVQdkdteUxnS0d8MUJkR1lRTk1tZUxHWKKFiedvFFouEobc2_iO4gxXy6Q3rJohRG2ehJQCpaSN?t=54m6s¬†‚Ä¶",2020-03-21 17:20:02,https://twitter.com/sbala13/status/1241414275026935814,#COVID
1241411928850747393,Arun Gupta,"Social Distancing != Social Isolation

This is a critical difference to understand. We‚Äôve been having FaceTime with family and friends all over, game nights, socials and everything to stay socially connected.

Let‚Äôs fight #COVID together and keep your sanity! https://twitter.com/dengaterade/status/1241371054888620032¬†‚Ä¶",2020-03-21 17:10:42,https://twitter.com/arungupta/status/1241411928850747393,#COVID
1241403659747033096,Susan Levitt,#NEWMOON in #ARIES starts #DRAGON MONTH. In #quarantine for #COVID-19 safety? Stay in & read your #tarotcards!https://susanlevitt.wordpress.com/2020/03/21/new-moon-in-aries-starts-dragon-month/¬†‚Ä¶,2020-03-21 16:37:51,https://twitter.com/tarot_tweet/status/1241403659747033096,#COVID
1241397261638103040,DrivingMzStaceyüö¥üèº‚Äç‚ôÄÔ∏èüõ¥üöÜüèé,You had a poll for theoretically how much to pay drivers to transport (potentially) #COVID homeless individuals.,2020-03-21 16:12:25,https://twitter.com/drivingmzstacey/status/1241397261638103040,#COVID
1241351923548057601,Tatyana Kanzaveli,Our framework enables rapid development of solutions. Free #covid resources on http://www.openhealth.cc¬† were developed in 2-3 days,2020-03-21 13:12:16,https://twitter.com/glfceo/status/1241351923548057601,#COVID
1241321394446581761,Claire Lee üåéüíöü¶†‚òòÔ∏è,"Mostly everyone will get infected, so the goal should be to have as few people infected at the same time as possible. #COVID-19 https://www.zdnet.com/article/data-science-vs-the-covid-19-pandemic-flattening-the-curve-but-how/¬†‚Ä¶",2020-03-21 11:10:57,https://twitter.com/eclaireoh/status/1241321394446581761,#COVID
1241244354536026113,Hhhmm,week was pretty tight #covid,2020-03-21 06:04:49,https://twitter.com/fanofkitkats/status/1241244354536026113,#COVID
1241212505180930048,Kristy Wilce,"Video wine and cocktail party with friends. Don‚Äôt let this shelter in place get you down! We drank way too much, laughed a lot and had a great time! #friends #covid-19 #shelterinplace #2020 @ San Jose, California https://www.instagram.com/p/B9-z9TYD8u6/?igshid=1utc77xyeo7t8¬†‚Ä¶",2020-03-21 03:58:16,https://twitter.com/readyin5weeks/status/1241212505180930048,#COVID
1241180529606574080,Ann Tirrell-Creating my own destiny,Why is Trump still our President?!!! #Covid_19 #CoronaVirusUpdate #COVID,2020-03-21 01:51:12,https://twitter.com/anntirrell/status/1241180529606574080,#COVID
1241175412438433794,Oscar Reyes,"We are all in this together 
.
.
.
.
.
#hope #peace #presidio #california #socialdistancing #stayinside #isolation #selfisolation #sanfrancisco #beresponsible #besafe #quarantineandchill #weareinthistogether #covid‚Ä¶ https://www.instagram.com/p/B9-jFtnBCWr/?igshid=jgisrstcbh4a¬†‚Ä¶",2020-03-21 01:30:52,https://twitter.com/oscarreyesl/status/1241175412438433794,#COVID
1241172286402514944,Megan Gee,Just saying... in #sf #COVID has seen a significant drop in crashes pic.twitter.com/nim8dVJWPp,2020-03-21 01:18:27,https://twitter.com/MegTPlanner/status/1241172286402514944,#COVID
1241167094328299520,Judah Maccabee-Kelly,"DAY 4: finish the 1000-pc jigsaw puzzle, Noe we can have our dinner table back
.
#covid¬†#quarantine¬†#shutdown¬†#sf¬†#bayarea¬†#shelterinplace¬†#oakland¬†#threemoreweeks¬†#stayathome¬†#jigsaw #puzzle #jigsawpuzzle‚Ä¶ https://www.instagram.com/p/B9-fTj5BkSH/?igshid=1bpfvi5wuquxv¬†‚Ä¶",2020-03-21 00:57:49,https://twitter.com/judahmaccabee/status/1241167094328299520,#COVID
1241158463499014144,Kiran Deshpande Ô£ø,Hey @VZWSupport @verizon looks like you are throttling my line which is not so good for Work from home situation #COVID #COVID19US #CALockdown #californiashutdownpic.twitter.com/iVNDRuqsf8,2020-03-21 00:23:31,https://twitter.com/kiran_deshpande/status/1241158463499014144,#COVID
1241513977898627074,‚ôãÔ∏èüíú Gene,"COVID-19Í∞Ä ÎÅùÎÇòÎ©¥ ÎπÑÌñâÍ∏∞Î•º ÌÉÄÍ≥† Ïã∂Ïñ¥Ïöî. Í∑∏Î¶¨Í≥†, ÎØ∏ÎûòÏóê Ïó¨ÌñâÌïòÍ≥† Ïã∂Ïñ¥Ïöî. ",2020-03-21 23:56:13,https://twitter.com/namjaGene9oo/status/1241513977898627074,#COVID-19
1241511965622702082,ryan around,Kinda confusing to see this still getting built given the current situation. #ferriswheel #goldengatepark #daily #exercise #quarantine #covid_19 #sanfrancisco #iphonexs #lightroom #hdr #hella #big @ Golden Gate Park https://www.instagram.com/p/B-A8IuXhq_n/?igshid=1fyi35lrtlpy0¬†‚Ä¶,2020-03-21 23:48:13,https://twitter.com/ryanaround/status/1241511965622702082,#COVID-19
1241507055212490752,Josh Grau‚Ñ¢Ô∏è,"Happy birthday! It‚Äôs a big milestone, and here‚Äôs hoping you and your wife can celebrate in a big way when COVID-19 passes and she beats her villain!",2020-03-21 23:28:42,https://twitter.com/grauface/status/1241507055212490752,#COVID-19
1241504413442695168,Salt and Ginger Hair Don't Care üîÑ,Do you know how many people actually have that particular and or similar heart problems? Do you realize the Covid-19 causes heart problems in the severe lung infected patients? Come on now. Facts matter coverups kill,2020-03-21 23:18:12,https://twitter.com/grammytammyd/status/1241504413442695168,#COVID-19
1241503168007008256,Ann Tirrell-Creating my own destiny,Excellent description of why Trump is #UnfitToBePresident #CoronavirusPandemic #Covid_19 #CoronaVirusUpdatehttps://twitter.com/jswatz/status/1241483301573013506¬†‚Ä¶,2020-03-21 23:13:15,https://twitter.com/anntirrell/status/1241503168007008256,#COVID-19
1241500691723481088,Sam Roloff,New oil painting of #WinnieThePooh holding the #coronavirus 24x30 inches on canvas. #COVID19 #Covid_19 #CoronavirusPandemic #XiJinping #XiVirus #virusart #politicalart #2020 $1500pic.twitter.com/nekqKOWMDT,2020-03-21 23:03:25,https://twitter.com/samroloff/status/1241500691723481088,#COVID-19
1241498279612837888,Esmee D,"Check the sky ... the chem trails are real, they are ‚Äúfeeding‚Äù us their garbage to keep the pharmaceutical companies afloat. 5G towers there to weaken your immune system  #coronavirus #Covid_19",2020-03-21 22:53:50,https://twitter.com/itss_mze/status/1241498279612837888,#COVID-19
1241498259387899905,Ann Tirrell-Creating my own destiny,Trump‚Äôs #mentalillness won‚Äôt allow him to take blame or be empathetic. Why is he still our President? #CoronavirusPandemic #Covid_19 #COVID„Éº19 #CoronaVirusUpdate #SaturdayNightTakewayhttps://twitter.com/BradMossEsq/status/1241491664268603397¬†‚Ä¶,2020-03-21 22:53:45,https://twitter.com/anntirrell/status/1241498259387899905,#COVID-19
1241497790116585472,dawn,"This video is great. It hits a point that‚Äôs not stressed enough: it‚Äôd be great to be tested en masse but US hospitals are unprepared to handle that amount of people. If sick or healthy, we must assume we have COVID-19 and stay home and let the most at-risk get tested and treated. https://twitter.com/NyleDiMarco/status/1241459950578069506¬†‚Ä¶",2020-03-21 22:51:53,https://twitter.com/thatissodawn/status/1241497790116585472,#COVID-19
1241497345843331075,Thomas Gase,"Our online person a week ago when telling us to put ‚Äúall readers‚Äù on coronavirus stories and I‚Äôm reading it and saying to myself, ‚ÄúJust make the whole paper free. I wrote something like 14 stories the past two weeks and 18 of them have been relating to COVID-19.‚Äù",2020-03-21 22:50:07,https://twitter.com/TgaseVTH/status/1241497345843331075,#COVID-19
1241497218558787584,Nils Gilman,"‚ÄúWhen you have 15 people, and the 15 within a couple of days is going to be down to close to zero, that‚Äôs a pretty good job we‚Äôve done.‚Äù - , 26 February https://www.whitehouse.gov/briefings-statements/remarks-president-trump-vice-president-pence-members-coronavirus-task-force-press-conference/¬†‚Ä¶

As of this evening there have been 23,940 confirmed cases & 301 deaths due to COVID-19 in the US",2020-03-21 22:49:37,https://twitter.com/nils_gilman/status/1241497218558787584,#COVID-19
1241496370952970247,Potluck1Ton,"Just saying ... Me and mines we gonna be good.  #OGMC #covid_19 #corona #quarantine #realtalk #relationshipgoals #familyfirst #hippythuglife @ San Francisco, California, U.S.A https://www.instagram.com/p/B-A1C0Xpio5/?igshid=1qr6arvxuf1kg¬†‚Ä¶",2020-03-21 22:46:15,https://twitter.com/Potluck1Ton/status/1241496370952970247,#COVID-19
1241494691817779200,Jay,I imagine greedy mfs sitting at home sitting on a thrown made of stacks of cottonelle surrounded by a circle of Clorox wipes laughing maniacally as the world crumbles around them while their servants give them purell sponge baths #SupplyChain #Covid_19 #Coronavirus,2020-03-21 22:39:35,https://twitter.com/JayNeilDev/status/1241494691817779200,#COVID-19
1241493517697867777,Zane Kashner,i wonder if random corporations are transitioning their R&D depts to coronavirus response? how wild would it be if doritos‚Äô scientistists discovered a novel COVID-19 cure,2020-03-21 22:34:55,https://twitter.com/ZaneKashner/status/1241493517697867777,#COVID-19
1241490380346007552,Susan Mallon,It was a beautiful day for a solo #socialdistancing walk through #goldengatepark #covid_19 (note the #ferriswheel being setup for the #goldengatepark150 anniversary celebration which is canceled/postponed ) @ Golden‚Ä¶ https://www.instagram.com/p/B-AyUV0BQLy/?igshid=fkgsnbh2hm2t¬†‚Ä¶,2020-03-21 22:22:27,https://twitter.com/sfmallon/status/1241490380346007552,#COVID-19
1241490214079459328,Mario Gonzalez-Brito üåπ,This is what leadership looks #WhereIsJoeBiden while the establishment fails to get anything passed that will put money in the hands of the people not corporations & Wall Street.  @BernieSanders continues to fight 4 us. #NotMeUs #M4A #BernieBeatsTrump #Covid_19 #SocialSolidaritypic.twitter.com/m6uirw4gNj,2020-03-21 22:21:47,https://twitter.com/mkbrito/status/1241490214079459328,#COVID-19
1241490039940366337,Nick Cho ‚Ä¢ Ï°∞Í∑ºÌòï,"TODAY 7:30PM eastern 4:30PM pacific, tune in for a live stream with Ric Rhinehart @r2studio as we talk about how this COVID-19 situation is affecting the specialty coffee industry and how we‚Äôre responding & some tough topics that need discussion. Link coming soon. PLEASE SHARE.",2020-03-21 22:21:05,https://twitter.com/NickCho/status/1241490039940366337,#COVID-19
1241484425973706757,SHAPIRO,"Out here nerf strapped and ready to fend off #covid_19 zombies! Bring it! @ Richmond, California https://www.instagram.com/p/B-AvnLvpNhv/?igshid=13tyrcccb771l¬†‚Ä¶",2020-03-21 21:58:47,https://twitter.com/_Shapiro_/status/1241484425973706757,#COVID-19
1241483667555270656,Shobeir Shobeiri,"I support the cause of feeding those who are of need of a meal. Nice work @DavidNayfeld & @CheFicoSF
#SupportLocalBusinesses
#Covid_19 #SanFranciscopic.twitter.com/g8Z71dKECv",2020-03-21 21:55:46,https://twitter.com/Shobeir/status/1241483667555270656,#COVID-19
1241513070821888000,DaveN,Everyone posting their #socialdistancing #quarantine pics some of us still out here putting in work. Gotta keep y‚Äôall connected out there! We work from here so you can work from home.‚Ä¶ https://www.instagram.com/p/B-A8o3EDHqbBklWadUd14c9LGKoVyv7Re_oGyc0/?igshid=1gso40tlded2x¬†‚Ä¶,2020-03-21 23:52:36,https://twitter.com/DaveN_74/status/1241513070821888000,#quarantine
1241511965622702082,ryan around,Kinda confusing to see this still getting built given the current situation. #ferriswheel #goldengatepark #daily #exercise #quarantine #covid_19 #sanfrancisco #iphonexs #lightroom #hdr #hella #big @ Golden Gate Park https://www.instagram.com/p/B-A8IuXhq_n/?igshid=1fyi35lrtlpy0¬†‚Ä¶,2020-03-21 23:48:13,https://twitter.com/ryanaround/status/1241511965622702082,#quarantine
1241509435110981639,Zae Ramos,"We took the kayaks out for their first spin  #kayaking #quarantine #2020 @ Marina Bay, Richmond, California https://www.instagram.com/p/B-A6PE_nqOC/?igshid=18rd4n92cv2hj¬†‚Ä¶",2020-03-21 23:38:10,https://twitter.com/zaeramos/status/1241509435110981639,#quarantine
1241496370952970247,Potluck1Ton,"Just saying ... Me and mines we gonna be good.  #OGMC #covid_19 #corona #quarantine #realtalk #relationshipgoals #familyfirst #hippythuglife @ San Francisco, California, U.S.A https://www.instagram.com/p/B-A1C0Xpio5/?igshid=1qr6arvxuf1kg¬†‚Ä¶",2020-03-21 22:46:15,https://twitter.com/Potluck1Ton/status/1241496370952970247,#quarantine
1241484611722584064,zego,"Who got the plug we ready . .
.
.

.
.
.
.
.
#fifa20 #djproducer #coronaquarantine #realdj #houseparty #selfquarantine #plug #quarantine #quarantineandchill #louievuitton #hotbox #gamers #deejay #vinnzego‚Ä¶ https://www.instagram.com/p/B-AvbFNH2Gg/?igshid=162onm1du0h5e¬†‚Ä¶",2020-03-21 21:59:31,https://twitter.com/Vinn_zego/status/1241484611722584064,#quarantine
1241483987278798848,Leonardo Enciso,"#quarantine #Lesabulldogs MALUMA aka ‚ÄúBARKLEY‚Äù .
.
.
Toda la gloria es nuestro se√±or Jesucristo‚Äù
.
‚Äúthank you Melissa and Jeff for all the love you give my son‚Äù  melissamulchahey and jmulchahey .‚Ä¶ https://www.instagram.com/p/B-AvaEVheWr/?igshid=16ob4s26anj63¬†‚Ä¶",2020-03-21 21:57:02,https://twitter.com/LeonardoEnciso/status/1241483987278798848,#quarantine
1241479580650799106,Rue Sonoma,"Quarantine Cooking: sweet & spicy salmon with herb roasted chickpeas in a sweet potosi with tahini and tzatziki sauce. Happy Quarantine Saturday!!  
‚Ä¢‚Ä¢‚Ä¢‚Ä¢‚Ä¢‚Ä¢‚Ä¢‚Ä¢‚Ä¢‚Ä¢‚Ä¢‚Ä¢‚Ä¢‚Ä¢‚Ä¢‚Ä¢‚Ä¢‚Ä¢‚Ä¢‚Ä¢‚Ä¢‚Ä¢‚Ä¢‚Ä¢‚Ä¢‚Ä¢‚Ä¢‚Ä¢‚Ä¢‚Ä¢‚Ä¢‚Ä¢‚Ä¢‚Ä¢‚Ä¢‚Ä¢‚Ä¢‚Ä¢‚Ä¢‚Ä¢ #quarantine #saturday‚Ä¶ https://www.instagram.com/p/B-AtaPKpQAB/?igshid=1upzlc1f7qxfc¬†‚Ä¶",2020-03-21 21:39:32,https://twitter.com/RuPiperDesigns/status/1241479580650799106,#quarantine
1241470004345724928,ryan around,"Friday night and not a soul in sight. #sanfrancisco #quarantine #covid_19 #empty #streets #spooky #iphonexs #lightroom #hdr #hella #quiet @ San Francisco, California https://www.instagram.com/p/B-ApDiuBHll/?igshid=k0ijiouhz554¬†‚Ä¶",2020-03-21 21:01:29,https://twitter.com/ryanaround/status/1241470004345724928,#quarantine
1241461145115951109,üê∞ The Unicorn,#coronav√≠rus #quarantine #kidsgotmemessedup #boutthethirdtimeivehadtochasehimaway #imgonnaalwayswin #theyhavetakeneverytoyout #playeddressupallmorning #wishiboutnerfguns‚Ä¶ https://www.instagram.com/p/B-AkLfGgitzAN6v321t7uPaTWuTWOPLP2VY7cQ0/?igshid=wtmib0d38h2l¬†‚Ä¶,2020-03-21 20:26:16,https://twitter.com/Konfident17/status/1241461145115951109,#quarantine
1241418397268795392,Juan Ricardo Diaz,2nd day #quarantinechallenge post four activities daily for ten days about what you can do during #quarantine You can not repeat activities already posted. #Start #coronavirus #together #unitedwestand‚Ä¶ https://www.instagram.com/p/B-ARliRnEMa/?igshid=14h7d2r691ec2¬†‚Ä¶,2020-03-21 17:36:25,https://twitter.com/JuanRicardoDiaz/status/1241418397268795392,#quarantine
1241417651009867776,Lola,"Truth Talk!
#quarantine #coronavirus #truth #socialdistancing #education#us #foodforthought @ San Francisco, California https://www.instagram.com/p/B-ARPupjpga/?igshid=3317up8hta7b¬†‚Ä¶",2020-03-21 17:33:27,https://twitter.com/cordova_paola/status/1241417651009867776,#quarantine
1241403659747033096,Susan Levitt,#NEWMOON in #ARIES starts #DRAGON MONTH. In #quarantine for #COVID-19 safety? Stay in & read your #tarotcards!https://susanlevitt.wordpress.com/2020/03/21/new-moon-in-aries-starts-dragon-month/¬†‚Ä¶,2020-03-21 16:37:51,https://twitter.com/tarot_tweet/status/1241403659747033096,#quarantine
1241395073683578880,Robert Mansfield,Dear @JobinaFortson @reggieaqui and @KumasiABC7 of @abc7newsbayarea - your smiles and presence are a much welcomed part of my #quarantine. Thank you!,2020-03-21 16:03:44,https://twitter.com/mansfieldr/status/1241395073683578880,#quarantine
1241390677411401730,Susan Silver,"#realtors #jokesfordays #firsttimehomebuyer #covid_19 #quarantine #interorealestate @ Campbell, California https://www.instagram.com/p/B-AE-4OAVoX/?igshid=ye3lfoxwx5c2¬†‚Ä¶",2020-03-21 15:46:16,https://twitter.com/ariais12c/status/1241390677411401730,#quarantine
1241378593160265730,Bobby Robert Emery,"Our drinks are social distancing 
.
.
.
#socialdistancing #socialistancingislegit #coronavirusmemes #coronavirus #covid_19 #covƒ±d19 #quarantine #quarantinelife #quarantinesanfrancisco @ San Francisco, California https://www.instagram.com/p/B9__fIlg1L5/?igshid=qdvpkc2xwcr6¬†‚Ä¶",2020-03-21 14:58:14,https://twitter.com/skyboysfo/status/1241378593160265730,#quarantine
1241374288294244354,Kawika Watts,"I remember a time when online degrees were mocked, laughed at and often discredited. Coronavirus just put all that into perspective. 
#Quarantine #Covid_19 #SocialDistance",2020-03-21 14:41:08,https://twitter.com/KawikaWatts/status/1241374288294244354,#quarantine
1241244814651191296,Theresa,Stores & restaurants in the US need to do a better job with social distancing. This is how they‚Äôre doing it in France. Not hard & doesn‚Äôt cost anything. : @davidlebovitz #quarantine #ShelterInPlacepic.twitter.com/lbjOINUAZC,2020-03-21 06:06:39,https://twitter.com/teavu/status/1241244814651191296,#quarantine
1241242798898081792,alexa bernardes,Aye I‚Äôm making a quarantine playlist.  Plz add to ittttt https://open.spotify.com/playlist/2T4PLsEHqB2GxsKSSvOHKy?si=gCmSJSfRQL6QSC2YzhJLqw¬†‚Ä¶ #quarantine #covid19 #coronavirus,2020-03-21 05:58:39,https://twitter.com/halfconformist/status/1241242798898081792,#quarantine
1241239789241692160,Markus Robinson,"Don't TOUCH YOUR FACE! My 138th doodle.
#doodle #washyourhands #donttouchyourface #socialdistancing #heathcare #quarantine #coronavirus #coronavirusmeme #pandemicpic.twitter.com/iCWpySUGCI",2020-03-21 05:46:41,https://twitter.com/moviesmarkus/status/1241239789241692160,#quarantine
1241513070821888000,DaveN,Everyone posting their #socialdistancing #quarantine pics some of us still out here putting in work. Gotta keep y‚Äôall connected out there! We work from here so you can work from home.‚Ä¶ https://www.instagram.com/p/B-A8o3EDHqbBklWadUd14c9LGKoVyv7Re_oGyc0/?igshid=1gso40tlded2x¬†‚Ä¶,2020-03-21 23:52:36,https://twitter.com/DaveN_74/status/1241513070821888000,#Quarantine
1241511965622702082,ryan around,Kinda confusing to see this still getting built given the current situation. #ferriswheel #goldengatepark #daily #exercise #quarantine #covid_19 #sanfrancisco #iphonexs #lightroom #hdr #hella #big @ Golden Gate Park https://www.instagram.com/p/B-A8IuXhq_n/?igshid=1fyi35lrtlpy0¬†‚Ä¶,2020-03-21 23:48:13,https://twitter.com/ryanaround/status/1241511965622702082,#Quarantine
1241509435110981639,Zae Ramos,"We took the kayaks out for their first spin  #kayaking #quarantine #2020 @ Marina Bay, Richmond, California https://www.instagram.com/p/B-A6PE_nqOC/?igshid=18rd4n92cv2hj¬†‚Ä¶",2020-03-21 23:38:10,https://twitter.com/zaeramos/status/1241509435110981639,#Quarantine
1241496370952970247,Potluck1Ton,"Just saying ... Me and mines we gonna be good.  #OGMC #covid_19 #corona #quarantine #realtalk #relationshipgoals #familyfirst #hippythuglife @ San Francisco, California, U.S.A https://www.instagram.com/p/B-A1C0Xpio5/?igshid=1qr6arvxuf1kg¬†‚Ä¶",2020-03-21 22:46:15,https://twitter.com/Potluck1Ton/status/1241496370952970247,#Quarantine
1241484611722584064,zego,"Who got the plug we ready . .
.
.

.
.
.
.
.
#fifa20 #djproducer #coronaquarantine #realdj #houseparty #selfquarantine #plug #quarantine #quarantineandchill #louievuitton #hotbox #gamers #deejay #vinnzego‚Ä¶ https://www.instagram.com/p/B-AvbFNH2Gg/?igshid=162onm1du0h5e¬†‚Ä¶",2020-03-21 21:59:31,https://twitter.com/Vinn_zego/status/1241484611722584064,#Quarantine
1241483987278798848,Leonardo Enciso,"#quarantine #Lesabulldogs MALUMA aka ‚ÄúBARKLEY‚Äù .
.
.
Toda la gloria es nuestro se√±or Jesucristo‚Äù
.
‚Äúthank you Melissa and Jeff for all the love you give my son‚Äù  melissamulchahey and jmulchahey .‚Ä¶ https://www.instagram.com/p/B-AvaEVheWr/?igshid=16ob4s26anj63¬†‚Ä¶",2020-03-21 21:57:02,https://twitter.com/LeonardoEnciso/status/1241483987278798848,#Quarantine
1241479580650799106,Rue Sonoma,"Quarantine Cooking: sweet & spicy salmon with herb roasted chickpeas in a sweet potosi with tahini and tzatziki sauce. Happy Quarantine Saturday!!  
‚Ä¢‚Ä¢‚Ä¢‚Ä¢‚Ä¢‚Ä¢‚Ä¢‚Ä¢‚Ä¢‚Ä¢‚Ä¢‚Ä¢‚Ä¢‚Ä¢‚Ä¢‚Ä¢‚Ä¢‚Ä¢‚Ä¢‚Ä¢‚Ä¢‚Ä¢‚Ä¢‚Ä¢‚Ä¢‚Ä¢‚Ä¢‚Ä¢‚Ä¢‚Ä¢‚Ä¢‚Ä¢‚Ä¢‚Ä¢‚Ä¢‚Ä¢‚Ä¢‚Ä¢‚Ä¢‚Ä¢ #quarantine #saturday‚Ä¶ https://www.instagram.com/p/B-AtaPKpQAB/?igshid=1upzlc1f7qxfc¬†‚Ä¶",2020-03-21 21:39:32,https://twitter.com/RuPiperDesigns/status/1241479580650799106,#Quarantine
1241470004345724928,ryan around,"Friday night and not a soul in sight. #sanfrancisco #quarantine #covid_19 #empty #streets #spooky #iphonexs #lightroom #hdr #hella #quiet @ San Francisco, California https://www.instagram.com/p/B-ApDiuBHll/?igshid=k0ijiouhz554¬†‚Ä¶",2020-03-21 21:01:29,https://twitter.com/ryanaround/status/1241470004345724928,#Quarantine
1241461145115951109,üê∞ The Unicorn,#coronav√≠rus #quarantine #kidsgotmemessedup #boutthethirdtimeivehadtochasehimaway #imgonnaalwayswin #theyhavetakeneverytoyout #playeddressupallmorning #wishiboutnerfguns‚Ä¶ https://www.instagram.com/p/B-AkLfGgitzAN6v321t7uPaTWuTWOPLP2VY7cQ0/?igshid=wtmib0d38h2l¬†‚Ä¶,2020-03-21 20:26:16,https://twitter.com/Konfident17/status/1241461145115951109,#Quarantine
1241418397268795392,Juan Ricardo Diaz,2nd day #quarantinechallenge post four activities daily for ten days about what you can do during #quarantine You can not repeat activities already posted. #Start #coronavirus #together #unitedwestand‚Ä¶ https://www.instagram.com/p/B-ARliRnEMa/?igshid=14h7d2r691ec2¬†‚Ä¶,2020-03-21 17:36:25,https://twitter.com/JuanRicardoDiaz/status/1241418397268795392,#Quarantine
1241417651009867776,Lola,"Truth Talk!
#quarantine #coronavirus #truth #socialdistancing #education#us #foodforthought @ San Francisco, California https://www.instagram.com/p/B-ARPupjpga/?igshid=3317up8hta7b¬†‚Ä¶",2020-03-21 17:33:27,https://twitter.com/cordova_paola/status/1241417651009867776,#Quarantine
1241403659747033096,Susan Levitt,#NEWMOON in #ARIES starts #DRAGON MONTH. In #quarantine for #COVID-19 safety? Stay in & read your #tarotcards!https://susanlevitt.wordpress.com/2020/03/21/new-moon-in-aries-starts-dragon-month/¬†‚Ä¶,2020-03-21 16:37:51,https://twitter.com/tarot_tweet/status/1241403659747033096,#Quarantine
1241395073683578880,Robert Mansfield,Dear @JobinaFortson @reggieaqui and @KumasiABC7 of @abc7newsbayarea - your smiles and presence are a much welcomed part of my #quarantine. Thank you!,2020-03-21 16:03:44,https://twitter.com/mansfieldr/status/1241395073683578880,#Quarantine
1241390677411401730,Susan Silver,"#realtors #jokesfordays #firsttimehomebuyer #covid_19 #quarantine #interorealestate @ Campbell, California https://www.instagram.com/p/B-AE-4OAVoX/?igshid=ye3lfoxwx5c2¬†‚Ä¶",2020-03-21 15:46:16,https://twitter.com/ariais12c/status/1241390677411401730,#Quarantine
1241378593160265730,Bobby Robert Emery,"Our drinks are social distancing 
.
.
.
#socialdistancing #socialistancingislegit #coronavirusmemes #coronavirus #covid_19 #covƒ±d19 #quarantine #quarantinelife #quarantinesanfrancisco @ San Francisco, California https://www.instagram.com/p/B9__fIlg1L5/?igshid=qdvpkc2xwcr6¬†‚Ä¶",2020-03-21 14:58:14,https://twitter.com/skyboysfo/status/1241378593160265730,#Quarantine
1241374288294244354,Kawika Watts,"I remember a time when online degrees were mocked, laughed at and often discredited. Coronavirus just put all that into perspective. 
#Quarantine #Covid_19 #SocialDistance",2020-03-21 14:41:08,https://twitter.com/KawikaWatts/status/1241374288294244354,#Quarantine
1241244814651191296,Theresa,Stores & restaurants in the US need to do a better job with social distancing. This is how they‚Äôre doing it in France. Not hard & doesn‚Äôt cost anything. : @davidlebovitz #quarantine #ShelterInPlacepic.twitter.com/lbjOINUAZC,2020-03-21 06:06:39,https://twitter.com/teavu/status/1241244814651191296,#Quarantine
1241242798898081792,alexa bernardes,Aye I‚Äôm making a quarantine playlist.  Plz add to ittttt https://open.spotify.com/playlist/2T4PLsEHqB2GxsKSSvOHKy?si=gCmSJSfRQL6QSC2YzhJLqw¬†‚Ä¶ #quarantine #covid19 #coronavirus,2020-03-21 05:58:39,https://twitter.com/halfconformist/status/1241242798898081792,#Quarantine
1241239789241692160,Markus Robinson,"Don't TOUCH YOUR FACE! My 138th doodle.
#doodle #washyourhands #donttouchyourface #socialdistancing #heathcare #quarantine #coronavirus #coronavirusmeme #pandemicpic.twitter.com/iCWpySUGCI",2020-03-21 05:46:41,https://twitter.com/moviesmarkus/status/1241239789241692160,#Quarantine
1241509684541976576,Ken Miguel,Signs have gone up at Garfield Park in #SanFrancisco urging people to keep their distance.  They playground is empty. #StayAtHome #StaySafeStayHome #StaySafe #CoronavirusPandemic #coronavirus #COVID19 pic.twitter.com/gmz7P3QUbZ ‚Äì at Garfield Square,2020-03-21 23:39:09,https://twitter.com/KenMiguelABC7/status/1241509684541976576,#covid19
1241508886487502851,el rey,"Shout out to @PayPal for refusing to release TOTAL refunds for returns by  small and local venues, like @bottomofthehill, impacted by #COVID19",2020-03-21 23:35:59,https://twitter.com/Reyymundo/status/1241508886487502851,#covid19
1241508800185503745,Matt Mireles,"My old employer, New York-Presbyterian Hospital, is now rationing N-95 masks & on-track to be DDOS‚Äôs by #COVID19

I told you a war was coming

Now it is here

This just the first wave

God help us all https://twitter.com/Jason/status/1241504189231984640¬†‚Ä¶",2020-03-21 23:35:38,https://twitter.com/mattmireles/status/1241508800185503745,#covid19
1241508779037847552,kesinee angkustsiri yip,"https://www.wired.com/story/coronavirus-interview-larry-brilliant-smallpox-epidemiologist/¬†‚Ä¶
The Doctor Who Helped Defeat Smallpox Explains What's Coming
Epidemiologist Larry Brilliant, who warned of pandemic in 2006, says we can beat the novel coronavirus‚Äîbut first, we need lots more testing.

#COVID19 #coronavirus",2020-03-21 23:35:33,https://twitter.com/kesineeayip/status/1241508779037847552,#covid19
1241508330310262784,vanilasingh,"We must all come together and help each other-
1. Get take out or pick up for food delivery (take all precautions with hand hygiene)
2. Order online 
3. Only buy groceries for 1 wk
4. Help keep businesses afloat 
5. Words of encouragement and kindness #COVID19",2020-03-21 23:33:46,https://twitter.com/VanilaSingh/status/1241508330310262784,#covid19
1241506432278597632,"Moupali Das, MD, MPH",@RonaldKlain great job! #COVID19 https://twitter.com/JoeBiden/status/1241416531684331526¬†‚Ä¶,2020-03-21 23:26:14,https://twitter.com/drmoupali/status/1241506432278597632,#covid19
1241505319437496321,Padraig üè°,Laura‚Äôs take on media response to #COVID19: ‚Äúpanic pushers‚Äù stirring up ‚Äúmass hysteria.‚Äù,2020-03-21 23:21:48,https://twitter.com/patrickmkcirtap/status/1241505319437496321,#covid19
1241505074276265990,Jacq,#COVID19 pic.twitter.com/MKVqPPe6iK,2020-03-21 23:20:50,https://twitter.com/huntingjacq/status/1241505074276265990,#covid19
1241501716500996096,üéº The Vinyl Goddess 13 üè¥Û†ÅßÛ†Å¢Û†Å≥Û†Å£Û†Å¥Û†ÅøüáÆüá™,Give $2000/month to every American #moneyforthepeople #covid19 - Sign the Petition! http://chng.it/T66vCXhv¬† via @Change,2020-03-21 23:07:29,https://twitter.com/lapsedvinylgod1/status/1241501716500996096,#covid19
1241501692467662851,Swaggy T,Nurses are not getting the protections they desperately need to fight #COVID19. @NationalNurses is demanding Congress act now. Add your name:https://act.medicare4all.org/signup/covid-19-protect/¬†‚Ä¶,2020-03-21 23:07:24,https://twitter.com/teekdasneek/status/1241501692467662851,#covid19
1241500775055949824,Ivan Amador,If dogs can be trained to sniff out Malaria and other infectious diseases ....could they the Corona Virus ? #Coronavirus #COVID19 #dogsniffingvirushunters,2020-03-21 23:03:45,https://twitter.com/iaboi46sfo/status/1241500775055949824,#covid19
1241500691723481088,Sam Roloff,New oil painting of #WinnieThePooh holding the #coronavirus 24x30 inches on canvas. #COVID19 #Covid_19 #CoronavirusPandemic #XiJinping #XiVirus #virusart #politicalart #2020 $1500pic.twitter.com/nekqKOWMDT,2020-03-21 23:03:25,https://twitter.com/samroloff/status/1241500691723481088,#covid19
1241500504884043776,Marcus East,"God bless the NHS ‚Äî the UK is so lucky to have it and such dedicated public servants. Long may it continue! 
#nhs #lovetheNHS #coronavirus #covid19 https://twitter.com/MattHancock/status/1241449255648272389¬†‚Ä¶",2020-03-21 23:02:40,https://twitter.com/marcuseast/status/1241500504884043776,#covid19
1241499964842205187,Marcus East,God bless the NHS ‚Äî the UK is so lucky to have it and such dedicated public servants. Long May it continue! #nhs #lovetheNHS #coronavirus #covid19 https://twitter.com/bianca_nobilo/status/1241499319611637760¬†‚Ä¶,2020-03-21 23:00:32,https://twitter.com/marcuseast/status/1241499964842205187,#covid19
1241499865445629953,Betsy Sergeant Snow,Combine filling out #Census2020 with testing for #covid19 EVERYONE deserves both!  #testeveryone #everyonecounts #COVIDTESTINGNOW,2020-03-21 23:00:08,https://twitter.com/snowfoto/status/1241499865445629953,#covid19
1241496041913901056,Ryan Bethencourt,Have you dived into the 1918 Spanish flu @balajis ? It seemed to have had similar cytokine storm & pneumonia like symptoms (although targeting healthy people) with similarly fatal results as #covid19 We're still woefully underprepared for future pandemics after this one it seems?,2020-03-21 22:44:56,https://twitter.com/RyanBethencourt/status/1241496041913901056,#covid19
1241495952516460546,Betsy Sergeant Snow,Combine #covid19 with #census2020. #EveryOneCounts #everyonegetstested,2020-03-21 22:44:35,https://twitter.com/snowfoto/status/1241495952516460546,#covid19
